time,temp,tmin,tmax,rhum,prcp,snwd,wspd,wpgt,pres,tsun,cldc
2020-01-06,12.4,11.3,17.9,,0.0,,,,,,
2020-01-07,13.5,11.1,,,8.9,,,,,,
2020-01-08,11.0,,14.8,,23.1,,,,,,
2020-01-09,9.7,6.7,15.1,,3.0,,,,,,
2020-01-10,10.8,5.2,18.0,,0.0,,,,,,
2020-01-12,13.3,9.5,18.7,,0.0,,,,,,
2020-01-21,13.1,,20.4,,0.0,,,,,,
2020-01-28,14.6,12.1,19.0,,3.0,,,,,,
2020-01-29,13.5,1.0,19.4,,8.9,,,,,,
2020-01-30,12.5,7.7,19.4,,0.0,,,,,,
2020-02-21,17.4,,26.4,,0.3,,,,,,
2020-02-22,18.2,11.4,25.0,,0.5,,,,,,
2020-02-23,17.9,12.2,25.7,,0.0,,,,,,
2020-02-24,18.3,11.1,25.7,,0.0,,,,,,
2020-02-29,17.3,,24.8,,0.3,,,,,,
2020-03-01,18.4,11.0,26.3,,3.0,,,,,,
2020-03-02,19.6,12.1,27.2,,0.0,,,,,,
2020-03-05,20.6,14.8,27.1,,0.3,,,,,,
2020-03-06,15.9,,25.7,,2.0,,,,,,
2020-03-07,13.8,11.8,21.4,,24.9,,,,,,
2020-03-08,17.4,10.4,23.6,,4.1,,,,,,
2020-03-09,16.4,11.4,23.7,,0.0,,,,,,
2020-03-12,17.8,,25.9,,18.0,,,,,,
2020-03-13,17.3,11.2,25.9,,4.1,,,,,,
2020-03-14,13.8,,25.3,,15.0,,,,,,
2020-03-15,17.4,10.4,24.5,,2.0,,,,,,
2020-03-16,18.8,11.2,25.2,,0.0,,,,,,
2020-03-22,21.7,14.1,28.8,,0.0,,,,,,
2020-03-27,20.6,,28.0,,0.3,,,,,,
2020-03-28,21.9,15.2,27.2,,2.0,,,,,,
2020-03-29,21.8,15.8,28.0,,0.0,,,,,,
2020-04-08,22.8,,30.7,,0.3,,,,,,
2020-04-09,24.0,15.2,32.0,,0.0,,,,,,
2020-04-18,26.1,17.8,34.6,,17.0,,,,,,
2020-04-19,26.2,19.6,34.6,,39.9,,,,,,
2020-04-20,22.9,,33.4,,0.0,,,,,,
2020-04-21,24.2,15.8,31.1,,5.1,,,,,,
2020-04-22,26.1,17.0,33.0,,0.0,,,,,,
2020-04-27,23.2,,29.7,,0.0,,,,,,
2020-04-28,26.5,18.7,33.5,,0.3,,,,,,
2020-04-29,28.3,21.2,34.5,,0.0,,,,,,
2020-05-03,26.3,,34.7,,5.1,,,,,,
2020-05-04,26.7,19.6,34.7,,10.9,,,,,,
2020-05-05,28.8,21.6,35.5,,0.0,,,,,,
2020-05-07,27.9,20.0,35.0,,0.0,,,,,,
2020-05-10,25.7,,36.1,,0.5,,,,,,
2020-05-11,28.2,21.2,33.7,,31.0,,,,,,
2020-05-12,28.2,22.5,34.0,,0.3,,,,,,
2020-05-13,26.7,,34.0,,0.0,,,,,,
2020-05-14,28.2,22.3,34.7,,0.0,,,,,,
2020-05-15,29.2,22.1,36.0,,0.0,,,,,,
2020-05-29,26.9,25.2,37.5,,0.0,,,,,,
2020-05-30,27.3,,32.8,,20.1,,,,,,
2020-05-31,24.9,,32.8,,3.0,,,,,,
2020-06-01,27.9,21.1,33.8,,50.0,,,,,,
2020-06-02,26.7,,33.8,,0.0,,,,,,
2020-06-03,27.1,21.2,35.4,,0.0,,,,,,
2020-06-04,27.3,23.2,36.4,,2.0,,,,,,
2020-06-05,27.4,23.0,36.4,,11.9,,,,,,
2020-06-06,27.8,24.0,33.2,,0.8,,,,,,
2020-06-07,26.5,21.8,32.7,,9.9,,,,,,
2020-06-08,30.3,23.8,35.7,,0.0,,,,,,
2020-06-11,33.2,26.0,39.3,,0.0,,,,,,
2020-06-21,29.4,22.8,36.8,,33.0,,,,,,
2020-06-22,30.3,23.6,34.5,,9.9,,,,,,
2020-06-23,32.5,28.8,35.8,,0.0,,,,,,
2020-06-29,31.4,26.6,39.8,,0.3,,,,,,
2020-06-30,32.3,28.1,36.3,,1.0,,,,,,
2020-07-01,32.9,29.8,36.5,,0.0,,,,,,
2020-07-04,30.1,22.9,39.1,,10.9,,,,,,
2020-07-05,29.0,22.2,35.3,,46.0,,,,,,
2020-07-06,31.3,26.2,35.4,78,0.0,,5.9,,999.5,,
2020-07-10,31.6,,,87,,,12.6,,997.3,,
2020-07-11,28.8,,36.0,92,9.9,,7.2,,998.3,,
2020-07-12,26.8,21.8,34.1,91,46.0,,11.8,,1000.4,,
2020-07-13,29.9,24.8,34.5,,0.0,,,,,,
2020-07-15,29.8,23.6,36.1,,43.9,,,,,,
2020-07-16,31.5,28.2,35.0,,1.0,,,,,,
2020-07-17,31.3,27.7,35.0,,0.8,,,,,,
2020-07-18,31.1,28.7,34.8,,0.0,,,,,,
2020-07-19,31.0,28.1,34.5,,0.5,,,,,,
2020-07-20,29.0,,34.5,,1.0,,,,,,
2020-07-21,25.9,24.8,32.9,,2.0,,,,,,
2020-07-22,27.3,24.1,31.0,,3.0,,,,,,
2020-07-23,29.7,25.6,34.4,,0.0,,,,,,
2020-07-26,31.2,26.8,35.4,89,0.0,,6.5,,1006.6,,
2020-07-27,31.8,28.6,35.8,82,0.0,,9.5,,1003.3,,
2020-07-28,32.1,,,79,,,9.5,,1001.0,,
2020-07-29,29.8,,,89,,,12.9,,1002.1,,
2020-07-30,27.8,24.9,35.0,99,50.0,,9.2,,1004.1,,
2020-07-31,30.2,27.0,34.4,,2.0,,,,,,
2020-08-01,26.9,,34.4,,0.0,,,,,,
2020-08-02,30.3,25.8,34.5,,32.0,,,,,,
2020-08-03,33.0,27.5,,81,0.0,,7.8,,995.9,,
2020-08-04,30.9,,,90,,,7.0,,995.0,,
2020-08-05,31.7,,,76,,,9.4,,997.0,,
2020-08-07,31.7,28.7,36.7,83,0.3,,11.0,,1002.8,,
2020-08-08,32.1,29.7,36.0,,0.0,,,,,,
2020-08-09,30.6,,,94,,,5.8,,999.2,,
2020-08-10,30.1,,,97,,,8.4,,1001.2,,
2020-08-12,29.3,25.0,34.5,,133.1,,,,,,
2020-08-13,27.8,24.7,34.4,,71.9,,,,,,
2020-08-14,30.3,26.7,33.6,,0.0,,,,,,
2020-08-16,30.2,26.4,35.0,,1.0,,,,,,
2020-08-17,29.7,28.0,34.0,,0.0,,,,,,
2020-08-19,27.8,,,66,,,9.3,,999.7,,
2020-08-20,28.0,,,94,,,11.3,,1003.2,,
2020-08-21,27.4,,,99,,,7.8,,1005.9,,
2020-08-22,29.1,,,92,,,5.7,,1004.2,,
2020-08-23,29.7,24.4,33.6,71,80.0,,6.1,,1003.3,,
2020-08-24,30.0,27.6,33.5,,0.0,,,,,,
2020-08-26,30.0,27.1,34.0,,2.0,,,,,,
2020-08-27,28.9,,34.0,,0.0,,,,,,
2020-08-28,28.5,26.0,33.0,,16.0,,,,,,
2020-08-29,30.0,25.7,33.8,77,0.8,,5.4,,1003.2,,
2020-08-30,29.4,27.0,33.8,,0.0,,,,,,
2020-08-31,29.7,26.4,33.0,82,3.0,,15.2,,1004.9,,
2020-09-01,30.1,26.7,33.6,84,0.0,,10.6,,1006.3,,
2020-09-02,30.8,,,89,,,6.5,,1008.2,,
2020-09-03,29.6,,,96,,,7.2,,1009.7,,
2020-09-04,30.2,,,67,,,5.7,,1008.2,,
2020-09-05,29.5,,,76,,,4.8,,1005.7,,
2020-09-06,29.2,,,82,,,5.5,,1004.8,,
2020-09-07,30.4,,,73,,,7.6,,1005.1,,
2020-09-13,31.0,,,88,,,4.8,,1006.1,,
2020-09-14,31.1,,,86,,,6.2,,1005.3,,
2020-09-15,31.2,,,86,,,8.2,,1004.5,,
2020-09-16,32.3,,,81,,,10.8,,1004.1,,
2020-09-17,31.6,,,77,,,10.3,,1003.5,,
2020-09-18,31.8,,,79,,,12.3,,1002.8,,
2020-09-19,30.8,,,81,,,6.1,,1003.4,,
2020-09-20,31.2,,,76,,,9.5,,1002.8,,
2020-09-21,31.7,,,72,,,5.3,,1001.8,,
2020-09-22,31.4,,,78,,,8.7,,1002.5,,
2020-09-23,29.4,26.0,35.6,81,0.0,,7.4,,1002.4,,
2020-09-24,27.8,,34.4,92,0.3,,6.5,,1004.6,,
2020-09-25,28.9,,34.4,89,0.5,,7.8,,1003.6,,
2020-09-26,28.3,23.1,35.4,77,0.0,,7.5,,1003.5,,
2020-09-27,28.6,,,71,,,8.8,,1006.3,,
2020-09-28,28.6,,,64,,,9.6,,1007.5,,
2020-10-01,28.7,,,63,,,9.3,,1005.4,,
2020-10-02,28.0,,,63,,,5.8,,1006.2,,
2020-10-03,28.2,,,60,,,6.5,,1007.3,,
2020-10-04,28.0,,,60,,,7.2,,1008.2,,
2020-10-05,27.8,,,59,,,10.9,,1007.5,,
2020-10-06,27.8,,,56,,,8.7,,1008.2,,
2020-10-07,27.9,,,54,,,8.0,,1010.0,,
2020-10-10,28.2,,,58,,,7.1,,1009.2,,
2020-10-11,27.4,,,63,,,4.8,,1007.3,,
2020-10-12,27.5,,,66,,,3.5,,1006.2,,
2020-10-13,28.2,,,68,,,4.5,,1007.5,,
2020-10-26,24.0,,,41,,,9.8,,1013.2,,
2020-10-27,23.0,,,45,,,7.1,,1012.6,,
2020-10-31,22.8,,,45,,,8.9,,1013.7,,
2020-11-01,21.7,,,52,,,5.5,,1014.2,,
2020-11-16,17.9,,26.4,,15.0,,,,,,
2020-11-17,17.7,11.4,25.9,,0.0,,,,,,
2020-11-26,15.3,,21.7,,5.1,,,,,,
2020-11-27,16.4,9.1,25.8,,0.0,,,,,,
2020-12-12,17.2,,28.1,,5.1,,,,,,
2020-12-13,12.8,,23.0,,0.0,,,,,,
2020-12-28,9.2,,20.2,,4.1,,,,,,
2020-12-29,7.8,2.8,14.5,,0.0,,,,,,
2021-01-02,12.6,6.1,17.4,59,0.5,,4.8,,1017.0,,
2021-01-03,16.3,11.4,23.2,71,0.8,,9.4,,1014.9,,
2021-01-04,18.8,12.5,25.8,77,0.0,,9.9,,1016.6,,
2021-01-05,16.6,14.7,18.7,72,8.8,,16.3,,1015.9,,
2021-01-06,15.2,12.7,18.2,86,16.9,,9.3,,1016.1,,
2021-01-07,13.9,10.2,18.9,81,0.0,,6.6,,1014.5,,
2021-01-08,12.3,8.8,16.9,83,0.0,,5.3,,1014.7,,
2021-01-09,13.4,9.3,19.3,75,0.0,,9.1,,1015.6,,
2021-01-10,11.9,8.5,17.1,86,0.0,,9.9,,1015.5,,
2021-01-11,11.2,8.5,16.3,88,0.0,,12.3,,1015.9,,
2021-01-12,11.0,7.3,16.6,84,0.0,,14.0,,1015.6,,
2021-01-13,10.1,6.1,16.6,82,0.0,,9.2,,1015.1,,
2021-01-14,9.6,5.1,14.7,84,0.0,,4.9,,1016.7,,
2021-01-15,12.0,8.7,16.8,81,0.0,,4.6,,1014.9,,
2021-01-16,10.5,7.5,14.9,89,0.0,,7.2,,1013.2,,
2021-01-17,12.4,9.3,17.1,82,0.0,,12.0,,1015.5,,
2021-01-18,12.8,7.5,18.9,75,0.0,,4.8,,1017.1,,
2021-01-19,14.1,8.9,20.7,68,0.0,,10.2,,1013.5,,
2021-01-20,13.9,10.5,20.0,66,0.0,,15.0,,1013.0,,
2021-01-21,13.8,9.5,21.0,72,0.0,,13.4,,1012.4,,
2021-01-22,12.5,7.2,18.0,72,0.0,,9.1,,1014.6,,
2021-01-23,14.7,11.2,19.7,72,2.5,,15.8,,1012.6,,
2021-01-24,12.6,8.6,16.8,84,2.3,,6.4,,1015.9,,
2021-01-25,11.7,7.3,18.2,77,0.0,,7.6,,1017.2,,
2021-01-26,12.0,7.3,18.3,78,0.0,,9.6,,1016.7,,
2021-01-27,12.0,8.0,18.2,73,0.0,,11.3,,1016.5,,
2021-01-28,11.0,6.0,17.2,72,0.0,,5.9,,1017.6,,
2021-01-29,12.0,7.4,18.2,72,0.0,,12.2,,1017.8,,
2021-01-30,12.4,9.0,18.1,64,0.0,,14.5,,1016.0,,
2021-01-31,12.1,7.3,18.6,64,0.0,,7.9,,1016.8,,
2021-02-01,13.5,8.5,20.3,64,0.1,,8.8,,1019.0,,
2021-02-02,14.0,8.8,21.5,62,0.0,,6.9,,1017.1,,
2021-02-03,14.5,9.2,21.5,58,0.3,,6.8,,1017.0,,
2021-02-04,12.0,10.4,23.8,72,0.0,,8.7,,1017.8,,
2021-02-05,13.4,6.1,21.2,72,7.1,,5.4,,1018.2,,
2021-02-06,14.0,6.6,21.9,62,0.0,,9.7,,1017.6,,
2021-02-07,14.0,9.3,20.2,60,0.0,,12.7,,1017.1,,
2021-02-08,14.6,8.8,21.1,68,0.0,,8.2,,1017.2,,
2021-02-09,16.1,12.1,22.5,68,0.0,,10.9,,1013.8,,
2021-02-10,15.6,9.8,22.5,69,0.0,,8.1,,1013.5,,
2021-02-11,16.1,10.9,22.9,69,0.0,,7.4,,1013.6,,
2021-02-12,15.8,10.6,22.4,70,0.0,,4.9,,1014.7,,
2021-02-13,16.1,12.2,21.8,73,0.0,,5.1,,1015.0,,
2021-02-14,16.1,11.2,22.2,77,0.0,,6.6,,1014.7,,
2021-02-15,16.8,11.0,25.0,78,0.0,,4.6,,1013.3,,
2021-02-16,18.4,11.0,27.0,79,0.0,,4.4,,1013.0,,
2021-02-17,17.8,11.0,27.0,72,0.0,,4.5,,1014.6,,
2021-02-18,18.7,12.0,27.0,82,0.0,,4.7,,1017.7,,
2021-02-19,18.6,12.0,25.0,85,0.0,,6.2,,1019.6,,
2021-02-20,19.1,13.0,26.0,82,0.0,,8.0,,1019.0,,
2021-02-21,19.9,14.0,28.0,84,0.0,,11.4,,1017.0,,
2021-02-22,21.0,14.0,30.0,84,0.0,,11.6,,1015.1,,
2021-02-23,20.9,15.0,29.0,78,0.0,,6.8,,1013.1,,
2021-02-24,22.6,13.4,33.0,52,0.0,,8.4,,1011.3,,
2021-02-25,23.2,16.0,33.0,42,0.0,,10.3,,1010.1,,
2021-02-26,22.7,16.3,29.2,37,0.0,,10.4,,1007.3,,
2021-02-27,21.7,18.5,32.7,43,3.0,,11.5,,1007.0,,
2021-02-28,19.3,11.1,29.6,35,0.0,,6.7,,1010.4,,
2021-03-01,18.2,11.6,24.7,37,0.0,,12.8,,1013.6,,
2021-03-02,20.0,14.9,26.1,40,0.0,,18.4,,1013.2,,
2021-03-03,20.9,15.8,27.3,38,0.0,,14.9,,1011.5,,
2021-03-04,20.5,13.8,28.5,37,0.0,,8.8,,1011.8,,
2021-03-05,21.3,15.5,28.4,33,0.0,,15.6,,1011.0,,
2021-03-06,21.5,15.7,28.7,35,0.0,,13.3,,1010.1,,
2021-03-07,24.3,17.6,30.7,35,0.0,,16.3,,1009.9,,
2021-03-08,24.8,19.8,31.1,45,0.0,,13.9,,1012.4,,
2021-03-09,22.7,16.4,29.7,42,0.0,,7.4,,1012.8,,
2021-03-10,21.9,15.4,30.7,40,0.0,,6.9,,1012.4,,
2021-03-11,22.1,14.9,30.1,39,0.0,,5.4,,1013.5,,
2021-03-12,21.2,16.1,28.1,40,0.1,,6.9,,1015.8,,
2021-03-13,22.2,14.6,29.6,40,0.0,,10.0,,1015.6,,
2021-03-14,21.6,15.5,28.2,47,0.0,,12.9,,1012.2,,
2021-03-15,22.4,17.2,29.5,46,0.0,,12.4,,1011.3,,
2021-03-16,23.4,17.0,30.0,41,0.0,,13.6,,1011.2,,
2021-03-17,24.4,18.1,34.0,40,0.0,,11.5,,1010.5,,
2021-03-18,22.6,15.1,30.6,38,0.0,,6.8,,1010.9,,
2021-03-19,23.5,15.6,30.9,35,0.0,,10.7,,1010.1,,
2021-03-20,23.7,17.1,30.4,38,0.0,,11.8,,1008.5,,
2021-03-21,23.1,16.1,30.0,44,0.0,,8.9,,1009.1,,
2021-03-22,23.4,17.6,30.6,38,2.0,,15.5,,1012.2,,
2021-03-23,20.4,18.0,30.1,43,1.0,,12.6,,1013.7,,
2021-03-24,22.8,13.6,31.1,39,2.0,,9.9,,1014.2,,
2021-03-25,21.1,14.2,31.1,44,0.0,,13.8,,1013.0,,
2021-03-26,23.4,16.0,32.0,46,0.0,,12.9,,1011.1,,
2021-03-27,24.9,16.0,33.0,48,0.0,,8.1,,1009.8,,
2021-03-28,25.8,18.1,33.0,46,0.0,,9.0,,1007.3,,
2021-03-29,27.2,21.4,33.2,38,0.0,,14.9,,1004.6,,
2021-03-30,27.2,20.5,34.3,31,0.0,,11.5,,1000.1,,
2021-03-31,24.7,19.0,30.4,29,0.0,,18.2,,1000.9,,
2021-04-01,22.2,15.2,29.0,27,0.0,,15.5,,1002.4,,
2021-04-02,21.7,14.4,29.5,20,0.0,,10.4,,1005.7,,
2021-04-03,22.1,12.9,30.5,21,0.0,,11.8,,1008.7,,
2021-04-04,25.5,14.6,33.8,20,0.0,,11.9,,1008.9,,
2021-04-05,28.4,23.8,33.8,24,0.0,,16.0,,1008.7,,
2021-04-06,27.7,20.3,33.1,28,0.0,,10.5,,1007.6,,
2021-04-07,26.3,18.2,35.2,29,3.0,,9.2,,1009.9,,
2021-04-08,24.9,17.1,34.8,26,0.0,,10.2,,1008.5,,
2021-04-09,25.0,17.2,32.9,25,0.0,,10.8,,1009.5,,
2021-04-10,25.9,17.2,33.5,18,0.0,,11.1,,1010.8,,
2021-04-11,27.0,17.7,35.0,20,0.0,,12.2,,1011.0,,
2021-04-12,26.9,19.6,34.4,24,0.0,,11.4,,1011.8,,
2021-04-13,28.2,19.8,35.4,23,0.0,,13.9,,1009.8,,
2021-04-14,28.9,22.2,36.3,24,0.0,,13.4,,1008.6,,
2021-04-15,29.1,21.1,36.8,22,0.0,,11.4,,1007.4,,
2021-04-16,28.7,20.3,36.5,26,0.3,,11.4,,1006.6,,
2021-04-17,25.6,20.8,39.0,52,0.0,,11.8,,1010.9,,
2021-04-18,27.0,19.6,34.6,38,0.0,,10.0,,1012.0,,
2021-04-19,26.8,18.5,33.0,30,0.0,,12.7,,1007.4,,
2021-04-20,23.3,16.7,30.6,38,1.2,,13.6,,1007.2,,
2021-04-21,23.4,17.4,30.7,64,5.1,,10.1,,1009.2,,
2021-04-22,24.6,17.7,29.9,58,0.0,,11.8,,1012.3,,
2021-04-23,20.3,15.7,29.9,57,6.1,,9.9,,1010.9,,
2021-04-24,23.9,13.8,33.4,44,0.8,,11.4,,1010.7,,
2021-04-25,26.6,16.0,36.4,38,0.0,,10.5,,1009.8,,
2021-04-26,26.8,16.6,35.3,35,0.0,,10.9,,1007.7,,
2021-04-27,28.8,19.2,37.9,32,0.0,,12.1,,1006.8,,
2021-04-28,30.0,21.5,38.9,26,0.0,,12.2,,1007.6,,
2021-04-29,30.9,22.2,39.5,24,0.0,,10.5,,1007.4,,
2021-04-30,31.3,22.2,41.4,27,0.0,,8.4,,1007.1,,
2021-05-01,29.8,23.0,38.1,31,0.0,,7.3,,1007.7,,
2021-05-02,30.5,22.6,38.0,30,0.2,,7.4,,1007.6,,
2021-05-03,31.3,24.8,37.7,35,0.0,,7.9,,1006.3,,
2021-05-04,29.3,23.7,36.8,40,0.0,,8.1,,1005.8,,
2021-05-05,28.5,23.9,34.5,44,1.0,,8.1,,1006.7,,
2021-05-06,27.4,22.6,35.2,49,3.1,,11.7,,1008.1,,
2021-05-07,25.9,21.8,29.8,58,1.1,,6.3,,1010.3,,
2021-05-08,27.4,20.2,34.9,44,0.0,,8.0,,1008.4,,
2021-05-09,27.7,21.6,35.4,42,0.7,,9.4,,1006.7,,
2021-05-10,28.5,22.1,34.9,40,0.0,,8.2,,1004.9,,
2021-05-11,28.7,23.2,35.1,44,0.2,,8.7,,1004.3,,
2021-05-12,26.8,21.9,33.3,51,1.8,,7.6,,1003.0,,
2021-05-13,24.7,21.3,28.2,62,2.7,,7.5,,1004.3,,
2021-05-14,25.4,20.1,31.4,53,0.0,,6.7,,1004.3,,
2021-05-15,26.5,19.0,33.6,46,0.0,,6.1,,1004.8,,
2021-05-16,27.8,19.9,35.1,42,0.0,,8.5,,1006.5,,
2021-05-17,29.4,20.8,37.5,35,0.0,,7.8,,1005.7,,
2021-05-18,28.1,23.1,31.7,47,0.0,,11.7,,1005.5,,
2021-05-19,23.7,22.0,26.1,72,3.4,,5.7,,1004.4,,
2021-05-20,24.8,20.7,28.7,70,0.6,,9.1,,1001.7,,
2021-05-21,26.8,20.3,34.0,61,3.0,,6.4,,1004.3,,
2021-05-22,30.6,24.3,38.0,47,0.0,,7.5,,1004.2,,
2021-05-23,28.5,21.3,36.3,39,0.0,,9.8,,1004.3,,
2021-05-24,28.7,22.5,35.0,34,0.0,,17.0,,1004.8,,
2021-05-25,29.8,22.3,36.9,25,0.0,,15.5,,1002.0,,
2021-05-26,30.5,22.6,38.0,24,0.0,,10.2,,999.5,,
2021-05-27,31.3,22.5,39.6,29,0.0,,10.4,,999.6,,
2021-05-28,31.9,25.8,38.7,44,0.0,,13.2,,1000.8,,
2021-05-29,31.6,27.2,36.8,50,0.0,,14.2,,1003.0,,
2021-05-30,30.3,18.5,36.5,51,32.0,,9.9,,1002.8,,
2021-05-31,29.4,25.8,38.0,51,0.0,,7.6,,1000.4,,
2021-06-01,26.9,20.6,38.0,48,18.0,,6.7,,1002.7,,
2021-06-02,30.1,23.5,34.8,57,0.0,,4.8,,1004.8,,
2021-06-03,29.2,23.4,34.8,48,0.2,,6.3,,1005.8,,
2021-06-04,29.5,23.5,35.2,49,0.0,,7.5,,1005.5,,
2021-06-05,28.9,22.0,35.0,50,10.9,,5.8,,1004.0,,
2021-06-06,31.7,24.4,37.3,50,3.0,,5.7,,1003.1,,
2021-06-07,32.8,26.2,38.0,45,0.0,,9.8,,1000.9,,
2021-06-08,34.2,27.4,40.4,42,0.0,,9.5,,998.0,,
2021-06-09,34.8,29.0,40.3,44,0.2,,6.7,,996.5,,
2021-06-10,31.9,27.8,36.0,56,1.0,,15.4,,998.2,,
2021-06-11,29.9,25.9,34.0,62,0.1,,12.1,,997.9,,
2021-06-12,29.7,21.2,36.0,62,47.0,,15.2,,999.1,,
2021-06-13,27.9,21.7,34.3,65,21.1,,10.2,,1000.3,,
2021-06-14,30.5,25.8,35.4,61,2.0,,8.5,,997.6,,
2021-06-15,30.8,26.0,37.2,52,0.0,,9.1,,994.0,,
2021-06-16,26.2,23.4,37.2,78,2.0,,7.5,,997.7,,
2021-06-17,30.2,24.2,33.0,68,16.0,,7.2,,1000.6,,
2021-06-18,30.1,27.4,34.8,66,0.0,,8.8,,1001.3,,
2021-06-19,28.2,23.8,33.0,64,0.3,,8.2,,1000.8,,
2021-06-20,28.0,23.7,33.2,66,0.8,,9.3,,1001.4,,
2021-06-21,29.3,24.4,34.2,63,0.0,,10.1,,1001.9,,
2021-06-22,30.9,25.2,36.9,52,0.0,,10.7,,1000.8,,
2021-06-23,31.6,25.7,38.1,46,0.0,,9.2,,1001.2,,
2021-06-24,31.0,27.4,35.2,58,0.2,,11.3,,1001.5,,
2021-06-25,30.8,25.2,36.8,52,0.0,,9.7,,1000.3,,
2021-06-26,29.3,22.1,38.5,52,4.1,,10.3,,1001.7,,
2021-06-27,30.6,25.0,37.0,56,0.0,,8.5,,1004.6,,
2021-06-28,31.9,27.3,37.4,53,0.0,,9.4,,1003.3,,
2021-06-29,33.3,27.2,39.1,44,0.0,,10.7,,999.3,,
2021-06-30,34.6,29.3,39.5,37,0.0,,11.8,,996.0,,
2021-07-01,33.9,29.0,39.0,46,0.0,,8.2,,994.8,,
2021-07-02,33.2,28.9,38.3,48,0.0,,7.1,,996.6,,
2021-07-03,31.6,22.4,39.9,56,11.9,,6.9,,1000.1,,
2021-07-04,32.7,27.6,37.5,55,0.0,,8.1,,1001.3,,
2021-07-05,31.7,27.3,36.5,55,0.0,,8.3,,1001.8,,
2021-07-06,32.4,27.0,37.3,54,0.0,,9.5,,1000.0,,
2021-07-07,33.9,29.0,38.5,45,0.0,,10.8,,998.4,,
2021-07-08,33.4,27.9,38.1,48,0.0,,7.2,,998.7,,
2021-07-09,31.7,27.8,35.7,58,0.3,,14.2,,1000.8,,
2021-07-10,32.3,29.1,35.6,57,0.5,,10.2,,1000.7,,
2021-07-11,31.1,28.0,35.2,64,1.8,,17.8,,1002.4,,
2021-07-12,29.7,26.9,37.5,62,0.0,,20.8,,1004.3,,
2021-07-13,29.0,24.8,34.1,72,21.1,,13.5,,1003.7,,
2021-07-14,28.4,26.0,33.0,69,0.0,,5.7,,1003.1,,
2021-07-15,29.8,25.8,33.2,70,0.3,,6.9,,1003.6,,
2021-07-16,32.2,27.6,36.8,67,0.0,,8.1,,1004.9,,
2021-07-17,30.7,27.0,34.4,71,2.8,,6.8,,1001.9,,
2021-07-18,28.9,25.6,32.9,80,5.7,,13.9,,998.5,,
2021-07-19,26.0,25.2,26.8,90,45.2,,9.9,,998.4,,
2021-07-20,27.3,24.2,30.2,83,0.5,,9.7,,998.4,,
2021-07-21,28.0,24.8,31.6,81,3.0,,4.7,,997.4,,
2021-07-22,27.1,24.6,30.2,84,6.7,,5.2,,997.6,,
2021-07-23,30.9,27.7,35.1,79,0.0,,5.2,,998.7,,
2021-07-24,29.3,26.4,32.2,78,0.3,,3.6,,999.4,,
2021-07-25,29.9,27.0,32.8,78,1.4,,6.0,,998.5,,
2021-07-26,27.9,26.8,29.4,85,11.6,,10.1,,997.7,,
2021-07-27,28.4,26.5,31.2,83,5.5,,8.8,,995.1,,
2021-07-28,26.1,25.1,31.2,94,17.0,,11.7,,996.7,,
2021-07-29,28.5,25.8,32.1,90,14.0,,4.3,,997.9,,
2021-07-30,28.9,25.6,34.1,87,8.9,,6.7,,999.2,,
2021-07-31,30.7,26.2,35.0,80,0.0,,4.3,,999.8,,
2021-08-01,30.2,27.7,35.0,80,0.0,,5.6,,997.8,,
2021-08-02,27.4,25.2,30.2,87,4.1,,6.5,,999.1,,
2021-08-03,28.0,25.6,32.0,84,12.4,,5.4,,1000.6,,
2021-08-04,27.6,25.6,30.1,85,3.9,,6.6,,1001.5,,
2021-08-05,26.9,24.3,30.4,86,12.4,,4.0,,1001.1,,
2021-08-06,28.2,25.1,31.7,81,1.0,,3.6,,1000.7,,
2021-08-07,28.7,25.4,32.5,79,0.0,,4.1,,1002.1,,
2021-08-08,28.2,26.0,30.5,82,3.4,,5.1,,1003.7,,
2021-08-09,28.0,25.4,30.8,82,1.6,,7.2,,1003.7,,
2021-08-10,28.2,24.5,31.8,80,0.3,,9.3,,1001.4,,
2021-08-11,28.7,25.1,32.8,72,0.0,,8.5,,1001.3,,
2021-08-12,28.5,25.4,32.3,77,0.4,,8.8,,1002.7,,
2021-08-13,29.9,25.2,35.4,78,3.0,,8.3,,1001.3,,
2021-08-14,29.1,25.2,35.4,76,24.9,,9.3,,999.1,,
2021-08-15,29.1,24.7,35.6,74,0.0,,8.9,,1000.5,,
2021-08-16,28.2,24.2,32.4,73,0.0,,8.0,,1003.9,,
2021-08-17,28.2,23.7,33.5,69,0.0,,8.0,,1003.7,,
2021-08-18,28.8,24.2,33.5,71,0.0,,7.0,,1001.9,,
2021-08-19,29.2,25.7,33.1,74,0.1,,8.4,,1001.5,,
2021-08-20,28.0,26.2,35.8,79,0.0,,11.4,,1004.3,,
2021-08-21,26.2,25.2,30.6,88,1.0,,4.5,,1006.6,,
2021-08-22,27.7,24.8,31.7,84,21.1,,6.9,,1005.8,,
2021-08-23,29.2,25.0,33.0,81,0.5,,4.8,,1003.0,,
2021-08-24,30.6,26.8,34.9,83,0.0,,5.4,,1001.4,,
2021-08-25,31.1,27.8,35.4,79,0.0,,7.0,,999.0,,
2021-08-26,28.9,26.5,32.3,76,1.3,,7.3,,997.7,,
2021-08-27,28.8,25.6,32.2,75,1.2,,5.3,,1000.0,,
2021-08-28,28.9,23.7,35.8,84,15.0,,4.9,,1001.9,,
2021-08-29,28.8,24.5,34.4,80,5.1,,8.5,,1002.8,,
2021-08-30,29.6,24.8,34.8,77,0.0,,9.8,,1006.3,,
2021-08-31,27.5,25.3,30.8,76,0.9,,6.7,,1008.1,,
2021-09-01,26.1,23.9,28.2,83,2.4,,3.6,,1007.9,,
2021-09-02,29.1,26.3,32.9,80,0.5,,3.3,,1005.4,,
2021-09-03,27.9,25.1,32.9,81,0.0,,3.9,,1003.9,,
2021-09-04,28.5,25.9,33.1,85,0.0,,4.8,,1003.3,,
2021-09-05,30.5,26.5,35.2,77,1.0,,4.8,,1003.4,,
2021-09-06,31.2,28.0,35.8,73,0.0,,5.1,,1004.8,,
2021-09-07,28.6,26.3,31.7,74,1.6,,11.3,,1007.0,,
2021-09-08,28.5,26.7,30.9,69,0.6,,9.0,,1006.2,,
2021-09-09,29.4,24.5,34.4,71,25.9,,6.5,,1004.8,,
2021-09-10,28.6,24.8,33.9,75,19.1,,8.1,,1005.1,,
2021-09-11,27.0,26.2,33.0,74,0.8,,5.8,,1005.0,,
2021-09-12,25.5,23.6,29.3,79,15.0,,5.7,,1002.8,,
2021-09-13,28.1,24.6,34.5,74,17.0,,4.1,,1002.7,,
2021-09-14,28.6,24.8,34.5,71,4.1,,5.8,,1005.7,,
2021-09-15,30.3,25.1,34.6,59,0.3,,11.0,,1004.6,,
2021-09-16,28.6,23.9,34.6,71,0.0,,10.8,,1003.7,,
2021-09-17,27.3,23.8,34.6,74,46.0,,8.9,,1003.2,,
2021-09-18,29.4,24.7,34.3,73,0.0,,7.7,,1006.0,,
2021-09-19,28.5,24.9,32.6,72,0.2,,4.9,,1007.5,,
2021-09-20,28.0,24.8,31.8,78,2.6,,6.6,,1006.9,,
2021-09-21,26.6,24.7,34.4,80,1.0,,5.4,,1006.1,,
2021-09-22,27.2,24.8,30.4,84,5.1,,7.6,,1006.0,,
2021-09-23,23.7,23.4,30.4,88,7.1,,4.8,,1007.9,,
2021-09-24,28.4,22.2,34.0,74,31.0,,4.7,,1008.1,,
2021-09-25,28.9,24.0,34.0,74,0.0,,6.5,,1006.4,,
2021-09-26,26.5,23.0,29.5,80,0.9,,4.7,,1006.8,,
2021-09-27,28.0,23.2,32.7,70,0.0,,4.6,,1007.0,,
2021-09-28,28.0,24.1,32.4,68,0.1,,5.4,,1008.2,,
2021-09-29,28.0,23.6,32.3,66,0.1,,5.9,,1008.8,,
2021-09-30,27.3,24.6,31.2,76,2.9,,4.4,,1010.0,,
2021-10-01,28.7,24.6,33.9,76,0.0,,7.0,,1009.2,,
2021-10-02,27.1,23.5,31.8,73,1.1,,8.5,,1007.7,,
2021-10-03,27.8,23.9,32.6,66,0.1,,11.0,,1005.3,,
2021-10-04,28.6,24.1,33.8,61,0.0,,7.8,,1004.5,,
2021-10-05,28.5,24.7,34.4,67,0.0,,6.1,,1008.3,,
2021-10-06,27.1,21.7,32.8,62,0.0,,9.7,,1008.2,,
2021-10-07,27.1,21.9,32.4,58,0.0,,10.7,,1006.4,,
2021-10-08,27.5,22.4,32.9,56,0.0,,9.4,,1005.2,,
2021-10-09,28.0,23.1,34.2,51,0.0,,11.6,,1005.3,,
2021-10-10,27.0,20.2,34.0,47,0.0,,7.4,,1006.1,,
2021-10-11,27.1,21.1,33.5,47,0.0,,6.3,,1006.1,,
2021-10-12,27.1,20.5,34.1,42,0.0,,6.9,,1006.4,,
2021-10-13,25.5,19.6,31.7,53,0.0,,8.5,,1006.8,,
2021-10-14,25.9,20.4,32.3,55,0.0,,10.5,,1006.4,,
2021-10-15,26.1,19.7,33.6,52,0.0,,5.6,,1004.6,,
2021-10-16,26.9,21.0,34.3,49,0.0,,6.3,,1005.6,,
2021-10-17,23.7,21.8,27.3,70,14.9,,5.8,,1008.0,,
2021-10-18,21.0,19.1,22.2,90,131.1,,6.1,,1006.3,,
2021-10-19,21.8,16.9,27.4,74,0.0,,10.1,,1007.2,,
2021-10-20,23.3,19.5,28.8,65,0.0,,10.3,,1009.7,,
2021-10-21,23.3,19.4,29.1,65,0.0,,11.0,,1009.2,,
2021-10-22,22.8,19.3,28.1,60,0.0,,7.2,,1009.8,,
2021-10-23,23.2,18.7,27.7,59,0.0,,11.9,,1012.3,,
2021-10-24,16.7,16.5,31.1,81,4.1,,8.1,,1015.4,,
2021-10-25,20.4,15.4,31.1,68,4.1,,8.4,,1014.5,,
2021-10-26,20.6,15.0,28.0,70,0.0,,7.8,,1013.1,,
2021-10-27,20.0,15.7,25.7,66,0.0,,9.9,,1014.8,,
2021-10-28,19.4,14.0,25.9,63,0.0,,5.9,,1015.0,,
2021-10-29,19.8,14.8,26.3,64,0.0,,5.9,,1016.6,,
2021-10-30,20.5,15.8,26.6,58,0.0,,12.1,,1015.4,,
2021-10-31,20.8,15.3,31.0,47,0.0,,8.4,,1013.2,,
2021-11-01,19.0,13.9,26.0,55,0.0,,8.0,,1013.4,,
2021-11-02,20.8,15.1,26.8,46,0.2,,10.7,,1015.2,,
2021-11-03,21.5,15.2,30.0,48,0.5,,7.2,,1014.9,,
2021-11-04,20.5,13.1,30.0,51,0.0,,6.2,,1013.8,,
2021-11-05,19.1,13.7,26.1,52,0.0,,7.5,,1013.8,,
2021-11-06,20.5,16.4,26.8,47,0.0,,14.3,,1011.4,,
2021-11-07,19.5,14.7,26.0,52,0.0,,10.0,,1011.3,,
2021-11-08,19.9,15.5,26.7,49,0.0,,11.7,,1013.2,,
2021-11-09,19.1,13.5,26.8,50,0.0,,7.5,,1014.3,,
2021-11-10,19.3,13.5,27.0,51,0.0,,7.2,,1013.7,,
2021-11-11,19.5,14.2,27.3,53,0.0,,7.8,,1013.0,,
2021-11-12,19.3,13.7,26.8,49,0.0,,8.5,,1013.3,,
2021-11-13,18.9,13.9,26.3,53,0.0,,7.6,,1013.2,,
2021-11-14,18.1,12.4,24.9,55,0.0,,5.2,,1012.6,,
2021-11-15,17.8,12.2,24.8,55,0.0,,7.8,,1011.9,,
2021-11-16,17.3,12.1,24.7,54,0.0,,6.2,,1012.6,,
2021-11-17,16.8,11.5,23.8,62,0.0,,5.7,,1015.2,,
2021-11-18,16.7,11.6,23.6,64,0.0,,4.7,,1014.1,,
2021-11-19,17.1,12.3,24.2,66,0.0,,5.1,,1011.6,,
2021-11-20,17.2,12.5,24.6,61,0.0,,5.0,,1011.6,,
2021-11-21,17.9,11.9,25.7,55,0.0,,9.5,,1012.9,,
2021-11-22,18.4,15.0,24.7,47,0.0,,15.8,,1012.1,,
2021-11-23,17.7,13.7,24.3,49,0.0,,11.5,,1010.8,,
2021-11-24,16.7,11.4,24.2,54,0.0,,6.5,,1013.8,,
2021-11-25,17.1,11.8,24.2,52,0.0,,6.4,,1014.5,,
2021-11-26,16.7,11.8,23.5,54,0.0,,4.9,,1014.3,,
2021-11-27,16.5,11.7,23.4,58,0.0,,4.9,,1015.9,,
2021-11-28,16.6,11.4,23.9,61,0.0,,6.2,,1017.8,,
2021-11-29,16.6,10.8,23.9,57,0.0,,9.7,,1017.3,,
2021-11-30,16.4,13.0,23.5,56,0.0,,10.0,,1016.3,,
2021-12-01,16.0,12.4,21.0,62,0.0,,4.5,,1017.6,,
2021-12-02,16.8,14.3,20.2,65,0.0,,5.1,,1016.9,,
2021-12-03,17.7,14.7,22.7,72,0.9,,5.4,,1017.4,,
2021-12-04,18.8,12.1,23.4,66,0.0,,5.0,,1016.1,,
2021-12-05,17.0,13.6,22.7,70,0.4,,6.4,,1017.1,,
2021-12-06,15.5,12.1,20.4,72,0.4,,6.4,,1016.9,,
2021-12-07,15.0,9.2,21.7,61,0.0,,9.5,,1017.4,,
2021-12-08,14.5,10.0,21.3,64,0.0,,5.1,,1017.0,,
2021-12-09,15.2,10.7,21.5,63,0.0,,4.9,,1019.7,,
2021-12-10,15.0,9.9,21.8,65,0.0,,8.0,,1019.3,,
2021-12-11,13.9,8.6,20.9,59,0.0,,7.0,,1018.0,,
2021-12-12,14.0,9.7,19.8,59,0.0,,3.8,,1019.2,,
2021-12-13,13.9,9.7,20.0,67,0.0,,5.7,,1018.2,,
2021-12-14,12.9,8.6,19.1,71,0.0,,5.6,,1017.8,,
2021-12-15,12.2,7.5,19.6,63,0.0,,6.6,,1017.7,,
2021-12-16,11.4,6.9,17.8,60,0.0,,6.0,,1018.8,,
2021-12-17,10.7,6.9,16.8,61,0.0,,11.2,,1020.2,,
2021-12-18,10.9,7.3,16.5,56,0.0,,15.4,,1019.5,,
2021-12-19,10.1,5.4,16.6,63,0.0,,11.3,,1019.4,,
2021-12-20,10.6,5.8,17.0,63,0.0,,6.9,,1018.3,,
2021-12-21,11.3,6.6,18.0,64,0.0,,5.7,,1017.2,,
2021-12-22,12.4,7.8,19.7,63,0.0,,5.0,,1014.9,,
2021-12-23,12.7,9.8,16.9,66,0.0,,3.3,,1014.8,,
2021-12-24,13.6,6.6,23.0,65,0.0,,4.7,,1014.6,,
2021-12-25,12.9,8.0,19.8,66,0.0,,4.4,,1016.4,,
2021-12-26,12.3,7.8,16.8,66,0.1,,4.7,,1018.3,,
2021-12-27,12.7,6.0,22.0,66,0.0,,5.5,,1019.7,,
2021-12-28,12.3,7.3,19.3,60,0.0,,5.1,,1018.2,,
2021-12-29,11.4,7.5,17.8,64,0.0,,7.8,,1019.0,,
2021-12-30,11.1,6.3,17.7,68,0.0,,5.5,,1023.2,,
2021-12-31,11.3,6.8,18.5,69,0.0,,6.1,,1022.5,,
2022-01-01,11.3,6.5,18.3,67,0.0,,5.9,,1021.4,,
2022-01-02,11.9,7.0,19.1,69,0.0,,6.8,,1019.9,,
2022-01-03,13.0,8.2,20.3,62,0.0,,5.4,,1017.7,,
2022-01-04,13.6,10.3,17.8,65,0.4,,4.5,,1017.6,,
2022-01-05,13.9,12.3,17.2,75,0.0,,9.1,,1016.4,,
2022-01-06,14.7,10.9,19.5,77,31.0,,11.7,,1016.8,,
2022-01-07,16.2,11.3,19.5,78,6.1,,15.5,,1016.3,,
2022-01-08,15.1,12.0,21.0,80,26.9,,19.8,,1015.5,,
2022-01-09,11.9,11.1,21.0,83,31.0,,5.0,,1015.8,,
2022-01-10,12.5,10.4,16.8,85,23.1,,4.9,,1017.6,,
2022-01-11,11.9,8.5,16.8,79,0.0,,5.8,,1017.7,,
2022-01-12,11.2,7.2,17.0,82,0.0,,4.4,,1016.6,,
2022-01-13,11.4,7.8,16.5,79,0.0,,4.0,,1017.4,,
2022-01-14,10.3,6.0,15.6,81,0.0,,5.5,,1017.9,,
2022-01-15,9.7,5.4,15.0,79,0.0,,4.9,,1019.0,,
2022-01-16,10.7,7.2,15.0,80,0.0,,5.7,,1019.7,,
2022-01-17,9.7,6.9,13.2,90,0.1,,5.4,,1021.1,,
2022-01-18,9.9,9.1,12.0,86,0.0,,8.5,,1018.3,,
2022-01-19,11.0,6.9,14.7,85,1.8,,4.7,,1015.6,,
2022-01-20,12.2,9.5,14.6,83,0.3,,3.4,,1011.8,,
2022-01-21,13.0,6.3,19.5,81,0.0,,6.8,,1012.2,,
2022-01-22,12.8,9.8,19.5,71,0.0,,20.3,,1007.2,,
2022-01-23,11.7,10.7,16.0,87,46.0,,12.6,,1010.3,,
2022-01-24,11.9,10.7,14.0,84,38.1,,4.1,,1013.6,,
2022-01-25,11.6,9.5,14.0,82,1.0,,7.9,,1014.1,,
2022-01-26,12.7,10.6,16.6,80,0.0,,9.2,,1015.2,,
2022-01-27,10.8,7.0,16.2,73,0.0,,14.0,,1016.2,,
2022-01-28,10.9,7.2,16.1,67,0.0,,15.2,,1015.8,,
2022-01-29,12.1,8.2,17.8,69,0.0,,13.0,,1016.1,,
2022-01-30,13.1,9.4,19.2,68,0.0,,15.5,,1011.2,,
2022-01-31,12.0,6.8,17.8,71,0.0,,6.5,,1011.6,,
2022-02-01,12.3,7.3,18.6,73,0.0,,11.8,,1010.8,,
2022-02-02,12.8,8.7,17.7,68,0.2,,9.0,,1010.2,,
2022-02-03,11.4,10.1,14.5,82,3.0,,14.4,,1007.9,,
2022-02-04,9.9,6.5,13.0,82,22.1,,7.4,,1010.1,,
2022-02-05,11.8,4.7,19.0,80,2.0,,6.5,,1013.7,,
2022-02-06,12.4,7.0,19.5,74,0.0,,6.2,,1015.9,,
2022-02-07,12.8,8.0,20.1,66,0.0,,6.8,,1015.4,,
2022-02-08,13.4,9.4,19.6,65,0.0,,5.0,,1013.6,,
2022-02-09,13.4,9.1,18.5,67,0.1,,5.0,,1014.9,,
2022-02-10,12.4,7.2,18.6,64,0.0,,11.0,,1017.0,,
2022-02-11,12.9,10.0,18.0,61,0.0,,14.4,,1015.0,,
2022-02-12,13.6,10.0,19.5,62,0.0,,13.9,,1013.8,,
2022-02-13,13.0,7.5,19.9,67,0.0,,6.1,,1013.3,,
2022-02-14,13.3,8.2,19.8,72,0.0,,5.8,,1013.8,,
2022-02-15,13.9,8.3,20.3,70,0.0,,6.9,,1013.5,,
2022-02-16,14.6,9.5,21.0,65,0.0,,9.1,,1011.1,,
2022-02-17,15.2,10.0,22.0,53,0.0,,10.3,,1010.7,,
2022-02-18,15.0,9.1,21.8,52,0.0,,10.0,,1012.3,,
2022-02-19,15.5,9.8,21.8,52,0.0,,12.4,,1013.1,,
2022-02-20,15.3,11.3,20.6,54,0.0,,14.2,,1007.6,,
2022-02-21,14.9,9.8,22.0,57,0.0,,6.0,,1007.3,,
2022-02-22,18.2,10.6,24.3,45,0.2,,21.4,,1009.8,,
2022-02-23,19.3,14.6,24.7,48,0.5,,20.0,,1014.5,,
2022-02-24,17.7,12.7,24.8,67,0.0,,7.1,,1016.7,,
2022-02-25,16.0,9.3,22.4,60,0.5,,9.3,,1016.7,,
2022-02-26,14.2,11.1,25.0,64,1.0,,11.0,,1017.8,,
2022-02-27,15.9,9.8,23.0,66,4.1,,9.0,,1019.0,,
2022-02-28,17.6,9.0,24.1,59,0.0,,9.4,,1016.1,,
2022-03-01,16.7,11.6,23.3,62,0.0,,9.2,,1016.3,,
2022-03-02,17.2,10.8,24.2,60,0.0,,6.5,,1016.3,,
2022-03-03,17.6,13.1,24.2,61,0.9,,9.2,,1015.9,,
2022-03-04,18.6,12.8,25.5,62,0.0,,8.2,,1016.2,,
2022-03-05,18.1,12.3,24.8,58,0.0,,12.2,,1013.7,,
2022-03-06,18.6,13.8,24.8,63,0.0,,5.2,,1013.0,,
2022-03-07,19.7,15.5,25.6,60,0.0,,6.3,,1015.2,,
2022-03-08,20.0,12.4,28.2,52,0.0,,9.2,,1013.9,,
2022-03-09,21.0,14.9,28.1,43,0.0,,13.7,,1012.7,,
2022-03-10,21.0,14.7,27.9,50,0.0,,13.7,,1012.1,,
2022-03-11,21.6,15.1,28.5,54,0.0,,12.3,,1012.6,,
2022-03-12,22.1,15.0,29.3,48,0.0,,12.0,,1010.8,,
2022-03-13,23.2,17.2,30.4,52,0.0,,9.6,,1010.6,,
2022-03-14,23.5,16.7,31.2,54,0.0,,7.2,,1010.2,,
2022-03-15,25.3,18.1,32.8,52,0.0,,11.6,,1007.6,,
2022-03-16,26.5,21.0,33.8,45,0.0,,14.5,,1004.8,,
2022-03-17,25.9,19.3,31.8,53,0.0,,11.6,,1006.7,,
2022-03-18,27.1,21.9,32.5,60,0.0,,10.5,,1008.2,,
2022-03-19,26.3,20.7,32.7,57,0.0,,5.0,,1006.1,,
2022-03-20,25.6,19.5,32.8,46,0.0,,7.2,,1004.7,,
2022-03-21,25.7,18.3,33.9,39,0.0,,11.9,,1006.5,,
2022-03-22,26.0,20.6,32.4,32,0.0,,15.6,,1006.2,,
2022-03-23,26.1,20.0,33.1,35,0.0,,10.9,,1006.2,,
2022-03-24,26.6,17.9,34.6,32,0.0,,7.6,,1005.5,,
2022-03-25,25.1,18.0,32.0,32,0.0,,14.5,,1006.4,,
2022-03-26,24.7,18.0,31.4,35,0.0,,14.4,,1008.0,,
2022-03-27,26.7,19.8,34.2,32,0.0,,13.6,,1007.6,,
2022-03-28,26.8,18.5,35.2,29,0.0,,10.4,,1006.9,,
2022-03-29,28.4,21.6,35.7,26,0.0,,12.8,,1005.0,,
2022-03-30,28.0,21.2,36.4,25,0.0,,9.1,,1005.2,,
2022-03-31,27.7,21.1,35.9,25,0.0,,9.5,,1006.8,,
2022-04-01,27.3,20.3,34.6,31,0.0,,12.0,,1006.1,,
2022-04-02,27.5,19.7,35.5,25,0.0,,9.2,,1007.6,,
2022-04-03,27.4,19.4,35.7,21,0.0,,8.5,,1007.8,,
2022-04-04,28.3,21.4,36.2,18,0.0,,12.8,,1006.8,,
2022-04-05,28.6,21.6,35.9,21,0.0,,13.3,,1009.8,,
2022-04-06,29.3,22.2,36.1,22,0.0,,14.8,,1009.5,,
2022-04-07,29.6,22.2,37.3,23,0.0,,13.7,,1008.6,,
2022-04-08,30.5,23.7,38.2,22,0.0,,11.5,,1006.3,,
2022-04-09,30.9,24.8,37.9,20,0.0,,12.0,,1005.0,,
2022-04-10,30.8,23.0,38.2,20,0.0,,12.3,,1003.9,,
2022-04-11,32.3,25.2,39.4,19,0.0,,12.7,,1002.8,,
2022-04-12,31.1,23.1,37.6,22,0.0,,8.8,,1003.0,,
2022-04-13,30.6,24.4,36.3,28,0.0,,11.7,,1003.3,,
2022-04-14,29.9,23.5,36.2,21,0.0,,10.2,,1002.6,,
2022-04-15,27.7,21.7,38.9,24,0.0,,8.8,,1002.9,,
2022-04-16,27.8,19.5,35.9,29,0.0,,8.1,,1002.8,,
2022-04-17,29.1,20.6,37.1,26,0.0,,9.3,,1003.5,,
2022-04-18,30.4,20.4,39.3,24,0.0,,11.5,,1005.0,,
2022-04-19,32.1,23.9,38.9,20,0.0,,11.3,,1006.6,,
2022-04-20,31.9,24.2,38.6,20,0.0,,13.9,,1004.9,,
2022-04-21,30.5,23.9,35.6,22,0.0,,11.0,,1006.1,,
2022-04-22,28.8,22.2,37.0,27,0.0,,10.1,,1007.9,,
2022-04-23,29.8,22.7,36.3,22,0.0,,14.3,,1007.6,,
2022-04-24,30.3,24.0,36.3,20,0.0,,16.0,,1005.2,,
2022-04-25,30.9,24.3,38.1,20,0.0,,14.5,,1004.1,,
2022-04-26,31.3,23.1,38.2,19,0.0,,11.9,,1004.3,,
2022-04-27,32.2,24.5,39.2,19,0.0,,13.4,,1003.8,,
2022-04-28,33.6,25.1,40.4,18,0.0,,12.3,,1003.7,,
2022-04-29,33.9,26.0,41.0,18,0.0,,13.6,,1003.3,,
2022-04-30,33.3,24.3,41.0,20,0.0,,10.6,,1000.6,,
2022-05-01,31.5,26.6,37.1,30,0.4,,14.2,,1001.0,,
2022-05-02,31.2,26.4,36.4,37,0.3,,15.5,,1001.9,,
2022-05-03,30.0,25.5,35.1,46,1.0,,16.2,,1004.3,,
2022-05-04,28.6,24.6,34.2,45,3.6,,10.7,,1006.3,,
2022-05-05,30.0,22.4,36.2,34,0.0,,10.2,,1005.4,,
2022-05-06,30.9,23.5,37.6,27,0.0,,11.4,,1005.1,,
2022-05-07,30.0,22.5,37.1,32,0.0,,9.4,,1005.0,,
2022-05-08,30.8,23.3,37.9,33,0.0,,9.8,,1003.2,,
2022-05-09,30.8,25.9,36.3,41,0.2,,13.7,,1004.0,,
2022-05-10,31.2,26.4,36.7,45,0.0,,11.2,,1003.9,,
2022-05-11,31.7,25.2,38.4,42,0.0,,9.1,,1001.5,,
2022-05-12,32.9,26.7,39.7,38,0.0,,11.4,,1000.3,,
2022-05-13,33.6,27.3,41.0,31,0.0,,13.8,,997.1,,
2022-05-14,33.5,25.4,41.2,21,0.0,,10.4,,996.8,,
2022-05-15,34.0,25.4,41.6,23,0.0,,11.3,,998.2,,
2022-05-16,33.3,28.3,37.6,30,0.4,,10.5,,999.2,,
2022-05-17,31.8,26.7,37.7,32,0.0,,10.0,,1000.5,,
2022-05-18,32.5,23.2,40.3,28,5.1,,8.6,,1001.3,,
2022-05-19,33.7,26.4,41.0,28,0.0,,10.1,,1001.3,,
2022-05-20,34.0,25.5,41.5,22,0.0,,10.0,,997.7,,
2022-05-21,31.9,26.1,38.2,26,0.0,,12.5,,995.9,,
2022-05-22,30.7,24.1,38.0,30,0.0,,8.3,,994.7,,
2022-05-23,26.1,19.1,38.9,45,10.9,,21.3,,998.0,,
2022-05-24,24.5,20.0,30.7,56,3.0,,11.0,,1004.8,,
2022-05-25,28.9,20.7,35.1,46,1.0,,6.3,,1005.6,,
2022-05-26,30.7,23.7,36.6,,0.0,,,,,,
2022-05-28,30.3,24.6,36.4,52,0.0,,8.3,,997.7,,
2022-05-29,30.3,26.0,34.5,52,0.8,,7.8,,998.6,,
2022-05-30,31.5,26.7,36.7,46,0.0,,17.0,,999.1,,
2022-05-31,31.1,24.4,38.4,42,0.0,,7.3,,999.6,,
2022-06-01,32.3,23.9,39.1,27,0.0,,12.3,,999.7,,
2022-06-02,32.9,26.0,40.0,20,0.0,,11.5,,999.0,,
2022-06-03,32.9,25.3,39.9,20,0.0,,11.8,,998.3,,
2022-06-04,33.4,24.3,40.9,20,0.0,,12.2,,998.7,,
2022-06-05,34.0,26.2,41.8,19,0.0,,9.4,,998.7,,
2022-06-06,34.0,25.2,42.0,21,0.0,,8.6,,997.9,,
2022-06-07,34.5,26.2,42.0,21,0.0,,9.2,,997.5,,
2022-06-08,34.8,28.4,41.8,21,0.0,,11.3,,996.9,,
2022-06-09,34.6,26.5,41.9,20,0.0,,8.1,,996.1,,
2022-06-10,34.2,26.6,41.6,23,0.0,,9.9,,997.1,,
2022-06-11,34.7,27.5,42.6,22,0.0,,10.7,,997.3,,
2022-06-12,35.3,28.0,41.2,23,0.0,,9.0,,998.5,,
2022-06-13,35.6,27.9,41.7,24,0.0,,12.6,,1000.0,,
2022-06-14,35.3,28.6,41.6,24,0.0,,13.5,,998.9,,
2022-06-15,35.6,29.0,41.3,27,0.0,,12.6,,997.8,,
2022-06-16,30.1,24.7,42.6,39,11.9,,7.1,,999.0,,
2022-06-17,26.6,21.7,37.0,55,18.0,,6.7,,1000.0,,
2022-06-18,25.8,23.0,31.6,76,1.0,,8.7,,1001.7,,
2022-06-19,27.9,22.7,31.3,69,0.5,,4.3,,1000.8,,
2022-06-20,27.2,22.5,34.0,67,0.0,,5.2,,999.2,,
2022-06-21,27.7,22.4,34.0,66,4.1,,9.7,,998.8,,
2022-06-22,29.5,26.3,34.9,64,0.5,,9.8,,1003.6,,
2022-06-23,30.5,24.2,36.7,59,0.0,,13.8,,1003.8,,
2022-06-24,29.0,23.7,34.6,52,0.0,,12.0,,1001.1,,
2022-06-25,30.1,23.8,36.0,51,0.0,,6.0,,999.1,,
2022-06-26,31.7,26.5,36.1,51,0.0,,8.2,,1000.7,,
2022-06-27,32.1,28.8,36.0,58,0.1,,9.7,,1001.6,,
2022-06-28,31.6,27.3,36.6,63,3.0,,7.8,,998.6,,
2022-06-29,29.2,25.7,32.4,76,25.9,,10.8,,996.4,,
2022-06-30,25.9,24.8,27.3,87,49.3,,15.2,,999.5,,
2022-07-01,27.2,23.9,30.6,81,3.8,,6.0,,999.9,,
2022-07-02,30.8,26.9,34.8,77,4.1,,5.6,,998.3,,
2022-07-03,30.7,25.2,34.8,79,26.9,,10.7,,999.7,,
2022-07-04,32.8,28.5,36.5,76,0.0,,6.0,,999.1,,
2022-07-05,30.1,27.0,33.8,73,0.7,,6.9,,998.9,,
2022-07-06,28.4,24.1,35.8,74,97.0,,8.3,,1002.1,,
2022-07-07,31.9,27.6,35.2,76,1.0,,8.5,,1003.9,,
2022-07-08,32.0,28.8,37.0,76,0.0,,5.9,,1001.0,,
2022-07-09,27.7,25.3,37.0,83,0.0,,9.7,,999.7,,
2022-07-10,28.1,24.6,28.7,88,58.9,,7.6,,1001.2,,
2022-07-11,31.2,26.4,36.1,78,3.0,,4.2,,1000.9,,
2022-07-12,30.2,27.4,36.1,82,0.5,,6.9,,1000.7,,
2022-07-13,30.0,27.7,35.0,78,0.0,,6.4,,998.8,,
2022-07-14,28.2,26.1,35.0,74,14.0,,5.8,,998.7,,
2022-07-15,30.0,22.7,36.0,70,59.9,,5.4,,1000.9,,
2022-07-16,31.1,26.1,37.1,68,0.0,,5.3,,1001.1,,
2022-07-17,28.4,24.3,37.1,76,52.1,,6.7,,1003.0,,
2022-07-18,32.6,26.6,37.0,73,4.1,,5.0,,1001.4,,
2022-07-19,32.3,28.4,37.1,78,0.0,,6.7,,1000.0,,
2022-07-20,28.5,25.6,37.1,87,0.0,,7.4,,999.8,,
2022-07-21,26.9,23.8,32.0,90,20.1,,9.4,,1002.3,,
2022-07-22,29.8,26.7,33.3,82,32.0,,8.1,,1003.9,,
2022-07-23,30.2,25.5,35.0,78,0.0,,5.2,,1003.3,,
2022-07-24,30.1,26.7,35.6,72,0.5,,7.7,,1002.7,,
2022-07-25,31.6,27.3,35.6,71,0.5,,12.7,,1004.9,,
2022-07-26,30.0,28.9,35.0,78,0.0,,8.7,,1006.1,,
2022-07-27,28.0,25.5,30.9,78,0.6,,9.7,,1005.6,,
2022-07-28,27.2,25.0,29.6,83,1.5,,10.9,,1006.0,,
2022-07-29,28.8,24.1,33.4,92,0.3,,8.7,,1005.2,,
2022-07-30,27.6,25.5,32.4,94,23.9,,6.3,,1003.6,,
2022-07-31,26.6,23.6,30.0,94,0.8,,8.4,,1001.4,,
2022-08-01,28.9,25.8,32.2,89,53.1,,6.7,,1001.2,,
2022-08-02,30.4,26.4,34.7,82,0.8,,8.1,,1000.0,,
2022-08-03,30.2,27.1,34.7,79,0.0,,6.1,,1002.3,,
2022-08-04,29.7,26.6,33.3,85,0.0,,8.0,,1003.3,,
2022-08-05,29.1,25.2,33.3,86,0.0,,7.1,,1001.9,,
2022-08-06,31.0,26.6,35.4,83,0.0,,3.8,,999.5,,
2022-08-07,26.6,23.9,29.7,87,6.7,,9.7,,1000.1,,
2022-08-08,31.4,27.6,36.3,78,0.0,,3.7,,999.6,,
2022-08-09,32.0,28.1,36.8,75,2.0,,4.9,,999.3,,
2022-08-10,32.7,27.8,36.8,73,0.0,,7.5,,997.7,,3
2022-08-11,27.7,25.0,36.4,74,5.1,,10.0,,1000.6,,7
2022-08-12,31.4,25.1,35.8,69,0.3,,6.7,,1000.3,,0
2022-08-13,31.9,27.1,35.8,76,0.0,,6.5,,1000.1,,1
2022-08-14,28.0,25.5,32.2,84,10.9,,4.8,,1002.1,,4
2022-08-15,26.8,25.4,28.1,82,1.9,,7.4,,1004.2,,8
2022-08-16,27.9,24.9,31.2,75,0.2,,7.5,,1003.2,,8
2022-08-17,28.1,25.2,34.0,75,1.6,,15.1,,1003.4,,2
2022-08-18,28.2,25.1,32.1,77,0.8,,5.3,,1001.8,,1
2022-08-19,28.8,27.2,34.5,82,0.0,,11.3,,1001.6,,5
2022-08-20,28.2,24.5,33.5,87,4.1,,4.2,,1003.3,,8
2022-08-21,30.1,25.4,34.8,76,21.1,,9.9,,1001.1,,7
2022-08-22,31.1,26.6,35.2,78,0.0,,6.8,,999.6,,3
2022-08-23,29.0,25.6,32.8,75,0.0,,10.0,,1002.3,,2
2022-08-24,27.8,26.5,29.7,78,2.1,,15.1,,1005.7,,5
2022-08-25,27.4,24.8,31.2,82,3.0,,5.0,,1004.9,,4
2022-08-26,28.0,25.1,32.0,80,1.5,,9.6,,1003.5,,1
2022-08-27,28.0,25.5,31.8,79,0.5,,13.0,,1002.3,,1
2022-08-28,27.9,25.6,31.8,80,0.6,,10.2,,1003.1,,3
2022-08-29,26.5,23.4,30.7,85,7.5,,5.6,,1007.5,,4
2022-08-30,30.6,26.6,35.4,79,0.0,,7.1,,1007.7,,0
2022-08-31,28.5,24.7,32.6,76,0.0,,7.4,,1004.8,,1
2022-09-01,28.9,25.4,32.9,70,0.2,,8.4,,1004.6,,3
2022-09-02,28.5,25.0,32.8,70,0.1,,8.3,,1005.9,,3
2022-09-03,28.9,25.9,32.7,66,0.0,,9.9,,1003.3,,1
2022-09-04,28.9,25.7,33.1,64,0.0,,5.7,,1002.2,,1
2022-09-05,28.5,24.4,33.0,66,0.0,,5.8,,1004.1,,0
2022-09-06,28.0,23.7,32.5,67,0.2,,6.9,,1005.4,,0
2022-09-07,28.3,23.5,33.4,66,0.0,,6.0,,1007.0,,0
2022-09-08,28.7,24.2,33.3,65,0.0,,5.2,,1008.3,,0
2022-09-09,29.3,25.9,33.4,66,0.0,,7.7,,1008.0,,0
2022-09-10,28.9,25.2,32.4,68,0.4,,7.7,,1007.2,,1
2022-09-11,28.6,24.3,32.6,68,1.4,,7.0,,1005.3,,1
2022-09-12,28.9,24.4,33.3,62,0.0,,6.1,,1003.5,,0
2022-09-13,29.3,25.5,34.3,66,0.5,,9.9,,1003.7,,2
2022-09-14,27.7,25.3,33.7,71,0.0,,7.2,,1004.9,,3
2022-09-15,27.7,23.9,33.0,79,14.0,,9.9,,1003.2,,6
2022-09-16,27.6,24.0,33.0,79,0.5,,11.9,,999.8,,4
2022-09-17,28.9,25.1,34.1,77,0.0,,5.1,,1001.9,,2
2022-09-18,26.8,22.5,32.5,73,0.0,,8.3,,1005.1,,0
2022-09-19,27.1,22.4,32.2,69,0.0,,4.9,,1005.5,,1
2022-09-20,27.3,24.5,31.1,76,0.6,,5.5,,1005.6,,3
2022-09-21,27.2,24.8,34.1,80,0.0,,4.4,,1005.4,,5
2022-09-22,26.2,24.0,34.1,80,45.0,,8.7,,1005.2,,7
2022-09-23,26.7,24.8,29.2,84,1.0,,5.2,,1005.0,,7
2022-09-24,23.9,23.1,29.2,88,13.0,,5.5,,1003.9,,8
2022-09-25,23.9,22.4,25.9,90,120.9,,16.6,,1004.6,,6
2022-09-26,26.1,21.2,30.9,81,21.1,,7.6,,1008.5,,0
2022-09-27,26.7,23.1,32.1,80,0.0,,7.3,,1006.8,,1
2022-09-28,25.1,20.7,34.0,78,0.0,,6.9,,1005.8,,0
2022-09-29,25.5,21.4,29.9,78,0.4,,6.1,,1005.9,,0
2022-09-30,25.8,21.3,30.3,77,0.0,,8.0,,1006.4,,0
2022-10-01,25.7,21.4,30.4,75,0.0,,7.0,,1005.6,,0
2022-10-02,25.9,20.8,30.7,71,0.0,,8.8,,1005.9,,0
2022-10-03,26.5,22.3,31.2,63,0.0,,12.3,,1006.3,,0
2022-10-04,26.3,21.5,36.0,70,0.0,,5.1,,1008.4,,0
2022-10-05,25.5,22.0,30.4,76,0.0,,7.0,,1008.4,,0
2022-10-06,25.0,20.8,29.3,73,0.0,,6.6,,1008.4,,0
2022-10-07,23.8,21.1,27.2,80,2.5,,5.6,,1010.8,,6
2022-10-08,22.9,21.4,24.9,85,1.7,,3.5,,1011.4,,8
2022-10-09,23.5,20.3,28.6,79,0.0,,4.2,,1010.3,,2
2022-10-10,22.9,20.1,26.9,84,9.5,,3.9,,1011.5,,4
2022-10-11,21.7,18.6,28.1,90,16.0,,4.9,,1010.8,,5
2022-10-12,23.8,18.5,31.1,76,0.3,,6.1,,1011.5,,0
2022-10-13,24.4,17.1,31.7,69,0.0,,6.6,,1011.8,,0
2022-10-14,23.2,17.1,32.0,64,0.0,,8.5,,1011.2,,0
2022-10-15,22.7,17.2,28.1,69,0.0,,8.4,,1010.7,,0
2022-10-16,22.5,17.5,28.1,72,0.0,,5.7,,1013.2,,0
2022-10-17,23.5,19.2,28.7,68,0.0,,7.8,,1013.2,,0
2022-10-18,22.3,17.9,32.0,65,0.0,,6.4,,1011.8,,0
2022-10-19,21.7,16.2,28.6,57,0.0,,6.1,,1012.0,,0
2022-10-20,21.7,16.7,28.5,54,0.6,,9.2,,1013.7,,1
2022-10-21,21.8,16.4,27.8,53,0.0,,6.0,,1015.5,,0
2022-10-22,21.1,15.4,28.1,55,0.0,,5.9,,1016.6,,0
2022-10-23,21.2,15.3,28.2,60,0.0,,5.0,,1015.5,,0
2022-10-24,21.5,15.4,28.5,58,0.0,,5.9,,1011.1,,0
2022-10-25,22.0,16.7,27.9,54,0.0,,12.4,,1008.5,,0
2022-10-26,21.8,16.2,28.7,57,0.0,,6.6,,1012.4,,0
2022-10-27,22.0,16.6,28.8,54,0.0,,8.0,,1012.7,,0
2022-10-28,21.5,16.6,28.0,57,0.0,,6.4,,1012.9,,0
2022-10-29,21.6,16.0,29.0,62,0.0,,5.9,,1013.8,,0
2022-10-30,22.1,16.8,28.3,58,0.0,,9.3,,1014.0,,0
2022-10-31,21.4,15.7,28.7,61,0.0,,5.8,,1014.0,,0
2022-11-01,21.5,16.3,28.2,60,0.0,,4.5,,1014.5,,0
2022-11-02,22.5,17.3,28.9,51,0.0,,11.1,,1012.8,,1
2022-11-03,22.1,17.9,28.5,50,0.0,,9.2,,1011.4,,2
2022-11-04,21.0,17.0,26.8,58,0.0,,4.9,,1013.4,,3
2022-11-05,21.7,16.6,27.4,66,0.0,,8.8,,1015.8,,2
2022-11-06,21.7,16.5,27.8,62,0.0,,6.1,,1016.0,,4
2022-11-07,21.4,17.2,28.0,54,0.0,,6.6,,1015.0,,3
2022-11-08,21.4,16.0,28.2,49,0.0,,8.0,,1015.2,,4
2022-11-09,20.3,16.7,25.6,62,3.4,,7.2,,1015.9,,4
2022-11-10,19.4,14.5,25.6,61,0.0,,5.8,,1017.1,,1
2022-11-11,18.4,13.8,24.1,58,0.0,,10.8,,1016.6,,0
2022-11-12,18.1,14.3,24.1,50,0.0,,12.9,,1015.8,,0
2022-11-13,18.5,13.9,24.3,44,0.0,,10.5,,1014.3,,5
2022-11-14,19.0,15.1,27.1,50,0.0,,8.9,,1016.1,,7
2022-11-15,20.3,14.2,28.6,57,0.0,,7.9,,1015.7,,1
2022-11-16,18.0,14.0,24.0,64,0.0,,8.7,,1014.6,,0
2022-11-17,17.2,13.9,22.2,65,0.0,,13.4,,1013.8,,0
2022-11-18,16.9,11.7,22.6,65,0.0,,4.9,,1015.5,,2
2022-11-19,16.8,12.1,23.3,66,0.0,,5.0,,1016.5,,4
2022-11-20,17.3,12.5,24.4,62,0.0,,8.5,,1014.3,,1
2022-11-21,17.2,12.3,24.0,59,0.0,,10.3,,1013.2,,0
2022-11-22,17.0,12.6,23.5,60,0.0,,11.0,,1013.0,,0
2022-11-23,17.4,11.0,25.0,61,0.0,,11.2,,1013.2,,0
2022-11-24,16.1,10.6,23.4,60,0.0,,6.9,,1013.4,,1
2022-11-25,16.6,11.2,23.7,60,0.0,,6.5,,1016.5,,1
2022-11-26,17.3,12.8,24.4,56,0.0,,8.9,,1012.5,,1
2022-11-27,16.8,11.0,26.0,62,0.0,,5.8,,1011.0,,3
2022-11-28,16.5,11.8,23.6,60,0.0,,4.5,,1012.9,,0
2022-11-29,16.4,12.0,23.1,64,0.0,,5.6,,1014.8,,2
2022-11-30,16.4,11.7,23.4,69,0.0,,5.3,,1015.8,,0
2022-12-01,16.1,11.1,23.3,67,0.0,,6.0,,1014.6,,3
2022-12-02,17.0,12.9,22.7,64,0.0,,3.9,,1014.0,,8
2022-12-03,16.8,11.8,23.1,64,0.0,,5.8,,1014.9,,2
2022-12-04,15.5,10.9,23.1,66,0.0,,5.8,,1015.0,,0
2022-12-05,15.0,10.1,22.0,66,0.0,,5.7,,1016.9,,0
2022-12-06,16.0,11.5,22.6,56,0.0,,14.2,,1015.3,,0
2022-12-07,16.4,13.1,22.2,49,0.0,,16.2,,1013.9,,0
2022-12-08,15.5,10.6,22.1,53,0.0,,8.4,,1015.0,,0
2022-12-09,16.2,12.2,23.1,48,0.0,,7.3,,1014.1,,0
2022-12-10,17.2,12.1,24.8,51,0.0,,7.4,,1014.6,,2
2022-12-11,17.2,11.5,25.4,46,0.0,,8.9,,1014.8,,0
2022-12-12,17.0,12.1,24.4,42,0.0,,11.7,,1013.8,,0
2022-12-13,17.3,12.5,24.0,43,0.0,,16.6,,1014.9,,0
2022-12-14,15.5,12.1,20.8,52,0.0,,15.4,,1014.8,,0
2022-12-15,14.4,9.4,20.9,60,0.0,,10.2,,1013.9,,0
2022-12-16,14.9,11.2,22.0,62,0.0,,8.9,,1012.9,,0
2022-12-17,14.7,10.5,21.0,60,0.0,,9.2,,1014.7,,0
2022-12-18,14.3,9.2,24.0,66,0.0,,4.6,,1016.0,,0
2022-12-19,14.2,9.3,22.0,68,0.0,,5.8,,1014.4,,2
2022-12-20,12.8,8.2,19.6,69,0.0,,6.8,,1013.4,,4
2022-12-21,12.6,7.4,19.8,68,0.0,,6.5,,1015.0,,0
2022-12-22,11.5,6.7,18.7,63,0.0,,6.8,,1014.8,,0
2022-12-23,10.3,6.3,19.0,67,0.0,,4.3,,1014.8,,1
2022-12-24,10.8,6.6,17.9,67,0.0,,8.5,,1015.9,,0
2022-12-25,11.8,7.2,17.5,70,0.0,,5.9,,1016.1,,6
2022-12-26,12.3,8.0,18.6,72,0.0,,6.1,,1018.0,,2
2022-12-27,12.5,8.7,18.3,64,0.0,,14.7,,1017.0,,3
2022-12-28,13.2,7.0,19.5,58,0.0,,17.0,,1016.3,,3
2022-12-29,12.9,10.2,16.4,54,0.4,,7.2,,1017.7,,6
2022-12-30,13.4,8.6,19.6,72,0.0,,5.4,,1019.4,,1
2022-12-31,11.5,7.1,20.4,69,0.0,,10.8,,1018.6,,1
2023-01-01,11.4,7.0,16.6,68,0.0,,4.1,,1019.8,,6
2023-01-02,10.6,6.2,16.7,78,0.0,,4.5,,1021.3,,0
2023-01-03,10.4,6.2,16.4,78,0.0,,6.3,,1022.0,,0
2023-01-04,10.1,5.8,16.3,75,0.0,,6.3,,1021.9,,1
2023-01-05,9.2,5.3,15.0,69,0.0,,5.8,,1022.8,,1
2023-01-06,8.9,5.6,14.9,75,0.0,,4.8,,1023.7,,5
2023-01-07,10.5,5.9,16.5,71,0.0,,5.9,,1021.1,,4
2023-01-08,11.0,6.0,17.8,80,0.0,,6.0,,1018.4,,4
2023-01-09,11.9,8.5,16.5,85,0.0,,4.8,,1019.9,,7
2023-01-10,11.9,8.1,17.4,82,0.0,,10.0,,1018.3,,3
2023-01-11,11.4,8.7,15.8,79,1.9,,8.1,,1014.4,,7
2023-01-12,13.2,8.2,18.6,70,2.0,,11.0,,1013.1,,3
2023-01-13,14.7,9.2,22.1,70,4.1,,16.9,,1013.7,,3
2023-01-14,11.3,8.6,20.6,85,2.0,,12.2,,1016.5,,2
2023-01-15,10.4,6.5,17.4,80,0.0,,14.2,,1014.8,,0
2023-01-16,10.1,5.2,17.0,75,0.0,,9.7,,1016.2,,1
2023-01-17,9.6,5.4,15.5,69,0.0,,13.5,,1016.6,,0
2023-01-18,10.3,4.4,17.0,73,0.0,,9.6,,1018.8,,6
2023-01-19,13.2,8.4,18.1,70,0.2,,9.4,,1018.9,,5
2023-01-20,12.0,8.8,21.3,78,0.0,,9.3,,1018.2,,6
2023-01-21,13.4,5.8,22.5,63,0.0,,7.6,,1017.3,,1
2023-01-22,12.7,7.4,20.0,65,0.0,,7.7,,1016.6,,0
2023-01-23,14.6,7.0,23.0,57,0.0,,7.0,,1016.2,,3
2023-01-24,14.7,9.4,25.6,72,0.8,,14.8,,1015.0,,5
2023-01-25,15.8,13.2,19.1,80,14.0,,14.0,,1016.3,,5
2023-01-26,12.8,10.1,19.1,85,5.1,,12.9,,1018.2,,1
2023-01-27,13.3,6.9,21.1,80,0.0,,16.4,,1017.5,,1
2023-01-28,12.5,6.8,18.6,71,0.0,,10.5,,1014.4,,1
2023-01-29,13.6,8.7,17.8,68,0.3,,13.2,,1014.2,,8
2023-01-30,14.3,11.2,16.1,72,7.5,,15.6,,1018.3,,6
2023-01-31,14.1,10.5,19.1,74,0.0,,16.5,,1018.5,,0
2023-02-01,14.1,9.6,20.1,71,0.0,,19.1,,1016.7,,1
2023-02-02,14.8,10.3,20.8,63,0.0,,19.1,,1015.2,,3
2023-02-03,15.0,10.8,21.0,64,0.0,,15.3,,1015.3,,0
2023-02-04,16.0,12.0,21.5,69,0.0,,17.8,,1013.0,,0
2023-02-05,16.3,11.6,22.3,65,0.0,,15.2,,1011.8,,0
2023-02-06,15.8,10.6,22.8,62,0.0,,9.8,,1012.1,,2
2023-02-07,16.5,10.2,26.4,56,0.0,,15.1,,1011.2,,0
2023-02-08,15.8,11.4,21.6,58,0.0,,16.9,,1013.0,,4
2023-02-09,17.0,11.5,22.5,47,0.0,,11.0,,1011.6,,5
2023-02-10,19.6,15.6,24.5,45,1.6,,19.4,,1011.4,,2
2023-02-11,17.5,12.0,26.5,58,0.0,,11.5,,1013.8,,1
2023-02-12,14.5,10.1,19.3,39,0.0,,18.5,,1017.5,,0
2023-02-13,13.7,9.1,19.5,43,0.0,,24.9,,1014.8,,0
2023-02-14,16.0,11.6,22.1,51,0.0,,17.8,,1014.8,,2
2023-02-15,19.3,14.5,25.4,50,0.0,,21.3,,1011.9,,1
2023-02-16,18.2,13.5,24.3,64,0.0,,8.6,,1014.8,,5
2023-02-17,19.1,13.9,25.9,65,0.0,,8.5,,1016.3,,6
2023-02-18,18.9,13.5,25.1,66,0.0,,8.1,,1015.0,,4
2023-02-19,19.6,14.5,25.6,65,0.0,,7.1,,1014.2,,7
2023-02-20,21.9,14.7,28.6,50,0.0,,12.1,,1011.2,,8
2023-02-21,21.7,17.2,28.2,44,0.0,,12.2,,1011.2,,2
2023-02-22,19.2,12.2,26.3,50,0.0,,11.8,,1012.5,,2
2023-02-23,19.8,15.3,26.3,43,0.0,,16.4,,1012.2,,0
2023-02-24,20.0,14.8,26.9,41,0.0,,15.5,,1013.9,,0
2023-02-25,19.9,13.4,27.0,46,0.0,,12.0,,1016.0,,0
2023-02-26,19.4,12.9,26.3,53,0.0,,11.0,,1018.4,,1
2023-02-27,20.1,13.2,27.6,43,0.0,,12.8,,1017.4,,2
2023-02-28,18.1,13.2,24.8,48,0.7,,16.0,,1018.3,,8
2023-03-01,21.8,15.3,29.8,46,0.5,,13.6,,1019.6,,5
2023-03-02,22.2,15.0,29.8,49,0.0,,12.6,,1018.7,,2
2023-03-03,21.1,16.1,27.5,47,0.0,,14.2,,1019.2,,3
2023-03-04,21.6,16.6,27.8,48,0.0,,14.2,,1019.1,,5
2023-03-05,21.0,16.2,27.6,48,0.0,,15.5,,1018.0,,0
2023-03-06,20.7,15.5,27.0,47,0.0,,14.2,,1015.5,,0
2023-03-07,20.1,13.5,27.4,48,0.0,,10.5,,1015.3,,0
2023-03-08,19.8,14.3,27.6,52,0.0,,8.2,,1016.4,,1
2023-03-09,20.3,14.7,26.8,55,0.0,,8.3,,1016.9,,0
2023-03-10,21.1,13.5,28.0,55,0.0,,10.4,,1015.6,,0
2023-03-11,21.7,14.9,28.2,53,0.0,,8.3,,1015.2,,0
2023-03-12,22.1,16.0,28.6,54,0.0,,9.3,,1015.0,,2
2023-03-13,21.9,17.0,28.4,59,0.1,,8.4,,1013.9,,7
2023-03-14,21.9,16.0,28.6,52,0.0,,10.5,,1010.7,,1
2023-03-15,22.0,15.2,29.3,47,0.0,,8.8,,1009.7,,3
2023-03-16,22.0,16.4,29.4,46,0.0,,9.5,,1010.7,,6
2023-03-17,22.1,18.9,31.9,50,0.0,,9.0,,1012.2,,5
2023-03-18,18.0,15.9,30.5,65,4.1,,12.9,,1011.8,,6
2023-03-19,21.6,13.8,27.5,68,9.9,,7.2,,1009.8,,6
2023-03-20,18.3,15.4,27.5,79,0.0,,10.5,,1008.9,,8
2023-03-21,20.3,14.4,26.9,82,22.1,,8.2,,1010.3,,7
2023-03-22,20.5,14.2,26.6,70,0.0,,8.7,,1010.7,,6
2023-03-23,19.4,14.1,25.6,60,0.0,,14.7,,1008.9,,2
2023-03-24,19.4,14.4,24.6,68,5.7,,11.5,,1009.6,,7
2023-03-25,20.7,16.3,27.0,73,13.0,,16.7,,1012.6,,4
2023-03-26,20.8,15.0,27.4,60,2.0,,10.0,,1011.8,,1
2023-03-27,20.9,14.3,27.5,63,0.0,,9.9,,1010.4,,1
2023-03-28,19.4,13.5,25.8,62,0.0,,9.6,,1010.3,,5
2023-03-29,20.9,13.7,27.5,58,0.0,,7.8,,1011.1,,5
2023-03-30,23.0,17.9,33.0,54,0.3,,12.5,,1009.5,,6
2023-03-31,17.6,16.2,32.4,82,10.9,,11.9,,1009.3,,7
2023-04-01,19.7,14.7,26.3,77,9.9,,10.8,,1010.4,,6
2023-04-02,21.1,13.6,27.4,72,6.1,,8.3,,1009.1,,2
2023-04-03,20.1,16.7,27.4,56,0.8,,11.7,,1007.4,,5
2023-04-04,21.7,16.3,29.0,58,1.0,,13.7,,1009.7,,3
2023-04-05,22.7,12.7,30.2,46,0.0,,15.4,,1010.2,,2
2023-04-06,22.1,14.7,28.5,42,0.0,,15.4,,1012.0,,2
2023-04-07,22.7,17.2,29.4,41,0.0,,16.4,,1013.5,,0
2023-04-08,23.0,16.2,30.5,44,0.0,,12.4,,1014.1,,0
2023-04-09,23.7,16.2,31.4,42,0.0,,10.3,,1014.3,,0
2023-04-10,24.4,16.5,31.9,35,0.0,,12.0,,1012.3,,0
2023-04-11,26.6,19.8,33.5,28,0.0,,17.5,,1011.5,,6
2023-04-12,27.6,19.3,35.0,30,0.0,,15.4,,1011.0,,2
2023-04-13,28.1,21.0,37.0,30,0.0,,14.2,,1009.5,,0
2023-04-14,28.5,21.1,36.1,30,0.0,,12.7,,1008.3,,0
2023-04-15,29.2,20.7,37.0,27,0.0,,12.2,,1008.1,,1
2023-04-16,30.0,20.8,37.3,24,0.0,,11.8,,1007.4,,5
2023-04-17,30.2,21.2,37.9,23,0.0,,13.3,,1006.7,,1
2023-04-18,30.5,23.3,37.3,25,0.0,,14.1,,1008.4,,4
2023-04-19,24.9,19.6,39.4,40,2.0,,16.3,,1007.0,,8
2023-04-20,24.9,20.0,34.6,46,9.9,,14.7,,1004.4,,6
2023-04-21,26.3,18.6,33.4,37,0.0,,12.9,,1005.1,,2
2023-04-22,25.4,17.6,33.4,31,0.0,,12.9,,1005.8,,2
2023-04-23,24.7,18.0,32.1,28,0.0,,11.8,,1006.8,,5
2023-04-24,25.2,17.8,31.5,33,0.0,,9.8,,1010.3,,6
2023-04-25,25.7,20.8,31.2,36,0.0,,13.3,,1012.3,,1
2023-04-26,26.2,18.7,33.2,37,0.0,,11.2,,1009.0,,6
2023-04-27,26.3,21.9,32.4,36,0.7,,10.3,,1008.8,,8
2023-04-28,26.1,18.5,33.5,38,0.0,,10.2,,1009.2,,4
2023-04-29,25.5,19.8,33.6,45,2.3,,10.9,,1007.9,,8
2023-04-30,24.7,20.4,31.1,52,1.9,,11.9,,1007.6,,6
2023-05-01,22.2,18.5,30.9,76,0.0,,11.3,,1008.5,,8
2023-05-02,21.4,19.0,25.7,78,10.9,,14.2,,1010.1,,7
2023-05-03,22.1,17.8,28.4,69,5.1,,9.6,,1011.1,,5
2023-05-04,25.6,17.3,31.5,63,8.9,,6.4,,1010.3,,3
2023-05-05,26.6,21.3,33.1,56,0.0,,10.6,,1008.2,,3
2023-05-06,25.4,19.5,34.0,48,0.2,,11.1,,1006.4,,3
2023-05-07,27.1,17.7,35.0,41,7.1,,12.1,,1005.1,,0
2023-05-08,28.5,21.3,35.0,36,0.0,,16.2,,1005.3,,1
2023-05-09,27.2,20.0,35.0,32,0.0,,13.6,,1007.6,,0
2023-05-10,26.1,19.3,32.6,29,0.0,,15.3,,1006.0,,0
2023-05-11,27.0,18.3,34.7,33,0.0,,9.6,,1006.8,,2
2023-05-12,28.1,19.8,36.2,32,0.0,,10.4,,1006.2,,1
2023-05-13,29.8,21.2,37.4,30,0.0,,11.3,,1005.2,,1
2023-05-14,31.7,24.6,39.7,25,0.5,,16.6,,1002.5,,1
2023-05-15,31.2,22.6,39.7,26,0.0,,11.8,,1002.2,,0
2023-05-16,31.3,24.3,38.3,23,0.0,,14.5,,1003.0,,2
2023-05-17,32.1,26.3,38.0,23,0.0,,14.6,,1004.9,,3
2023-05-18,27.4,20.0,40.0,36,7.1,,10.9,,1008.1,,2
2023-05-19,30.1,22.4,36.8,33,0.0,,17.1,,1006.0,,0
2023-05-20,30.7,23.0,37.6,30,0.0,,14.6,,1003.6,,0
2023-05-21,32.5,23.4,42.0,27,0.0,,13.1,,1004.3,,0
2023-05-22,33.0,24.8,40.5,23,0.0,,11.9,,1004.6,,4
2023-05-23,32.5,28.4,39.5,34,0.4,,14.5,,1005.4,,4
2023-05-24,27.2,23.2,41.0,50,2.0,,13.5,,1004.9,,8
2023-05-25,24.9,18.6,34.2,66,18.0,,10.2,,1005.2,,5
2023-05-26,27.5,22.6,32.4,53,8.9,,8.7,,1006.1,,3
2023-05-27,26.9,22.0,32.4,54,0.0,,8.9,,1005.8,,3
2023-05-28,27.3,20.0,34.2,45,0.0,,8.4,,1006.6,,4
2023-05-29,27.6,22.4,36.0,52,2.1,,9.4,,1008.6,,6
2023-05-30,26.2,21.4,31.0,62,5.2,,9.6,,1009.0,,5
2023-05-31,22.8,20.6,32.8,76,13.0,,18.5,,1007.6,,8
2023-06-01,24.4,20.0,30.5,71,17.0,,9.4,,1006.7,,4
2023-06-02,26.6,21.2,32.5,61,2.0,,8.7,,1005.7,,3
2023-06-03,28.4,20.8,34.2,56,0.0,,6.8,,1006.0,,1
2023-06-04,27.9,21.0,34.1,51,0.0,,9.3,,1005.4,,4
2023-06-05,27.9,23.3,33.8,54,0.7,,8.1,,1004.2,,1
2023-06-06,28.9,23.0,37.0,47,2.0,,8.2,,1004.2,,1
2023-06-07,29.2,22.5,35.8,45,2.0,,11.6,,1004.0,,1
2023-06-08,29.8,22.6,35.0,44,0.0,,11.6,,1003.0,,0
2023-06-09,31.0,23.3,38.1,41,0.0,,11.1,,1000.2,,1
2023-06-10,32.2,25.0,39.0,37,0.0,,11.2,,998.2,,2
2023-06-11,31.3,26.2,37.5,46,0.0,,12.3,,998.5,,0
2023-06-12,32.3,26.3,37.9,44,0.0,,14.8,,998.6,,0
2023-06-13,33.0,28.9,38.6,42,0.3,,17.2,,998.0,,1
2023-06-14,32.3,27.9,37.3,44,0.2,,15.2,,998.6,,2
2023-06-15,29.4,25.4,34.7,55,0.6,,17.0,,1000.2,,2
2023-06-16,30.7,25.1,36.1,51,0.0,,14.1,,1000.3,,1
2023-06-17,32.8,26.3,39.0,47,0.0,,7.5,,1000.6,,2
2023-06-18,29.6,26.5,32.5,64,1.0,,7.7,,1001.0,,6
2023-06-19,32.1,26.7,40.2,55,0.0,,8.0,,1000.1,,1
2023-06-20,33.2,27.2,40.2,53,2.0,,9.4,,999.0,,1
2023-06-21,33.4,28.8,38.4,65,0.0,,9.8,,1000.4,,4
2023-06-22,31.9,29.1,37.8,68,0.3,,11.3,,1000.7,,3
2023-06-23,30.6,26.8,36.1,76,42.9,,11.6,,1000.9,,7
2023-06-24,30.9,28.0,34.8,78,0.0,,12.1,,1000.4,,8
2023-06-25,28.0,26.3,34.8,81,0.0,,15.4,,1001.3,,7
2023-06-26,27.7,25.3,30.8,80,2.7,,8.8,,1002.7,,4
2023-06-27,27.8,24.5,31.7,79,0.8,,9.0,,1001.6,,4
2023-06-28,28.6,25.1,32.2,72,4.7,,8.2,,1002.8,,2
2023-06-29,28.6,25.4,32.3,74,2.3,,6.1,,1001.8,,1
2023-06-30,28.3,23.5,33.4,75,0.3,,10.7,,1000.1,,2
2023-07-01,30.1,24.2,35.4,76,24.9,,9.8,,1000.9,,2
2023-07-02,31.6,26.0,36.0,73,7.1,,11.5,,1001.1,,1
2023-07-03,32.2,26.6,36.0,72,0.0,,9.5,,1000.6,,1
2023-07-04,28.4,25.4,36.0,75,6.1,,14.4,,999.8,,3
2023-07-05,27.2,26.4,34.4,74,5.1,,14.8,,1000.1,,3
2023-07-06,28.7,26.1,33.0,75,20.1,,8.5,,1002.1,,2
2023-07-07,30.1,26.2,34.0,77,0.0,,10.4,,1002.6,,4
2023-07-08,25.7,25.6,34.0,82,23.1,,11.3,,1003.1,,8
2023-07-09,25.4,23.6,26.5,90,302.0,,18.7,,1001.9,,8
2023-07-10,24.6,23.6,26.0,91,96.0,,8.1,,1002.3,,8
2023-07-11,28.6,24.2,32.0,88,111.0,,7.5,,1001.9,,6
2023-07-12,29.2,26.4,32.9,81,0.0,,7.9,,1001.5,,2
2023-07-13,29.6,25.0,33.7,81,3.0,,12.7,,1001.6,,3
2023-07-14,30.6,27.4,34.0,79,0.0,,9.4,,1002.2,,2
2023-07-15,27.9,25.1,31.4,83,4.8,,10.9,,1001.7,,5
2023-07-16,30.8,27.2,35.1,82,0.3,,12.0,,1001.8,,6
2023-07-17,31.7,28.3,34.8,84,0.0,,10.2,,1001.1,,6
2023-07-18,28.1,26.2,30.4,80,1.3,,15.2,,1001.0,,7
2023-07-19,29.4,26.4,31.9,72,0.0,,11.5,,1000.9,,6
2023-07-20,32.6,28.6,36.9,70,0.8,,5.3,,1000.5,,4
2023-07-21,33.0,28.4,38.0,73,0.0,,7.7,,1002.4,,6
2023-07-22,26.7,23.5,38.0,82,53.1,,13.1,,1006.1,,8
2023-07-23,31.5,26.4,35.6,68,5.1,,8.5,,1005.1,,6
2023-07-24,30.6,27.0,35.6,74,0.0,,8.2,,1002.6,,4
2023-07-25,28.4,24.5,32.1,80,2.4,,9.8,,1002.9,,7
2023-07-26,28.5,24.5,35.5,88,27.9,,11.2,,1004.4,,8
2023-07-27,30.1,27.2,31.3,82,0.0,,6.7,,1003.1,,8
2023-07-28,28.3,26.4,34.1,87,2.0,,6.0,,1001.0,,6
2023-07-29,29.8,25.9,34.0,85,5.1,,6.7,,1000.2,,4
2023-07-30,30.3,27.1,34.7,85,0.0,,5.8,,999.7,,3
2023-07-31,28.4,25.0,32.4,79,0.8,,8.5,,998.8,,1
2023-08-01,29.5,25.5,35.0,77,0.1,,11.0,,998.0,,0
2023-08-02,29.4,25.9,34.0,78,0.5,,9.3,,998.7,,3
2023-08-03,31.4,27.2,36.0,82,1.0,,8.3,,998.8,,5
2023-08-04,28.7,25.3,35.8,86,0.0,,8.0,,1001.5,,5
2023-08-05,30.7,27.3,35.1,83,75.9,,9.4,,1002.3,,5
2023-08-06,29.3,25.2,35.1,84,0.0,,10.5,,999.6,,5
2023-08-07,28.9,23.6,34.6,83,24.9,,11.5,,996.9,,4
2023-08-08,29.8,24.6,33.9,75,37.1,,13.5,,998.0,,5
2023-08-09,30.4,26.8,34.4,79,5.1,,11.5,,1002.0,,5
2023-08-10,29.6,27.0,34.4,86,1.0,,6.9,,1003.7,,7
2023-08-11,29.1,25.7,33.4,86,0.0,,9.2,,1003.8,,6
2023-08-12,30.8,27.8,34.1,80,0.5,,11.1,,1001.3,,6
2023-08-13,30.4,28.4,34.1,78,0.0,,10.8,,999.0,,6
2023-08-14,28.8,27.3,34.0,86,0.5,,14.2,,1003.8,,7
2023-08-15,29.4,27.0,34.5,84,0.0,,7.4,,1004.4,,5
2023-08-16,28.4,24.8,32.3,78,0.0,,10.4,,1003.1,,1
2023-08-17,28.6,25.7,31.8,78,0.9,,12.9,,1002.7,,2
2023-08-18,28.6,25.0,32.7,80,0.6,,7.7,,1003.0,,3
2023-08-19,28.9,26.4,31.8,80,4.7,,7.1,,1004.1,,4
2023-08-20,29.2,26.3,32.6,79,0.4,,5.6,,1004.6,,3
2023-08-21,29.1,25.9,32.6,83,0.5,,7.0,,1003.0,,4
2023-08-22,29.2,25.4,35.9,86,0.5,,10.6,,1001.2,,8
2023-08-23,26.2,24.6,31.6,88,84.1,,18.7,,1000.4,,8
2023-08-24,28.6,25.8,31.2,85,19.1,,10.0,,999.5,,5
2023-08-25,29.8,23.1,34.6,81,0.0,,10.9,,999.5,,3
2023-08-26,26.4,23.0,30.1,84,8.4,,10.6,,1001.5,,2
2023-08-27,27.6,23.8,33.0,76,0.0,,10.6,,1001.0,,2
2023-08-28,27.1,23.8,31.0,78,0.0,,10.1,,1000.9,,0
2023-08-29,26.8,22.5,31.8,74,0.0,,10.8,,1003.2,,0
2023-08-30,27.8,23.7,31.8,72,0.0,,12.7,,1004.6,,0
2023-08-31,28.2,23.7,32.2,76,0.0,,9.9,,1005.6,,0
2023-09-01,29.3,25.9,32.9,72,0.1,,13.9,,1004.9,,0
2023-09-02,29.3,26.0,33.0,68,0.0,,15.2,,1003.7,,0
2023-09-03,29.0,26.1,32.9,72,0.0,,13.2,,1002.7,,0
2023-09-04,28.8,24.3,33.3,73,0.0,,9.3,,1002.5,,0
2023-09-05,28.9,24.9,33.8,72,0.0,,7.5,,1004.2,,0
2023-09-06,28.2,23.5,34.2,68,0.0,,6.6,,1005.1,,0
2023-09-07,28.4,23.7,33.9,64,0.0,,7.5,,1004.2,,0
2023-09-08,31.4,26.7,37.0,73,0.0,,7.7,,1004.8,,1
2023-09-09,27.4,24.8,30.9,80,2.0,,5.5,,1003.9,,2
2023-09-10,28.6,25.2,34.0,81,0.0,,8.3,,1003.0,,2
2023-09-11,30.1,25.1,34.7,77,2.0,,8.0,,1002.4,,0
2023-09-12,30.6,27.0,35.0,76,0.0,,7.2,,1002.5,,0
2023-09-13,30.7,28.1,35.0,81,0.0,,6.8,,1003.2,,4
2023-09-14,28.4,24.7,35.0,80,4.2,,8.4,,1004.8,,6
2023-09-15,27.0,25.0,35.5,81,0.0,,6.9,,1005.6,,6
2023-09-16,28.6,24.9,35.2,76,0.0,,6.8,,1005.2,,3
2023-09-17,26.6,25.0,35.2,85,5.1,,6.6,,1004.4,,7
2023-09-18,29.6,25.9,34.0,78,19.1,,10.8,,1005.0,,3
2023-09-19,30.2,26.3,34.0,78,0.0,,7.4,,1006.9,,3
2023-09-20,29.9,25.8,35.4,75,0.0,,6.2,,1006.8,,2
2023-09-21,27.7,23.9,34.0,76,0.0,,8.8,,1006.0,,0
2023-09-22,27.3,24.1,32.0,76,0.0,,9.7,,1006.4,,2
2023-09-23,26.6,23.0,35.0,76,0.0,,9.3,,1007.1,,2
2023-09-24,27.0,21.7,32.2,76,10.9,,8.4,,1006.6,,2
2023-09-25,28.1,23.0,34.1,74,0.0,,7.8,,1006.9,,1
2023-09-26,25.9,21.5,31.3,66,0.0,,9.0,,1007.8,,0
2023-09-27,26.4,21.4,31.4,66,0.0,,12.0,,1007.3,,0
2023-09-28,26.2,21.0,31.8,64,0.0,,9.4,,1006.7,,0
2023-09-29,26.7,21.2,33.0,65,0.0,,6.7,,1006.8,,0
2023-09-30,27.1,21.3,33.3,58,0.0,,9.8,,1006.5,,0
2023-10-01,26.4,22.1,31.5,62,0.2,,9.2,,1006.0,,0
2023-10-02,26.0,21.4,31.4,59,0.0,,10.2,,1006.7,,0
2023-10-03,26.5,21.0,34.0,53,0.0,,15.2,,1007.1,,0
2023-10-04,26.1,20.5,34.0,56,0.0,,12.3,,1007.7,,0
2023-10-05,25.7,20.1,32.2,55,0.0,,10.3,,1007.0,,0
2023-10-06,25.9,19.7,33.0,57,0.0,,8.8,,1006.0,,0
2023-10-07,25.4,19.7,32.6,60,0.0,,8.5,,1007.2,,0
2023-10-08,26.9,22.1,33.2,58,0.0,,9.0,,1007.8,,0
2023-10-09,26.6,22.0,31.7,59,0.0,,8.4,,1008.6,,0
2023-10-10,27.2,20.8,34.5,49,2.0,,10.8,,1009.4,,1
2023-10-11,25.5,19.5,34.5,49,0.0,,10.2,,1010.4,,0
2023-10-12,24.1,18.1,30.7,54,0.0,,8.4,,1011.8,,0
2023-10-13,24.2,18.7,30.4,56,0.0,,8.4,,1012.6,,0
2023-10-14,24.8,19.9,32.0,56,0.0,,10.9,,1012.0,,2
2023-10-15,24.9,19.2,33.4,55,3.0,,10.1,,1010.0,,3
2023-10-16,20.8,18.1,32.2,63,6.1,,13.1,,1011.8,,7
2023-10-17,21.3,16.7,27.8,60,13.0,,7.9,,1015.2,,4
2023-10-18,20.9,15.3,29.7,61,0.3,,11.8,,1015.2,,0
2023-10-19,21.9,15.7,29.7,61,0.0,,10.4,,1014.6,,0
2023-10-20,21.1,15.1,27.8,58,0.0,,7.2,,1015.3,,0
2023-10-21,21.5,15.3,27.9,63,0.0,,7.1,,1016.0,,1
2023-10-22,21.7,16.0,28.0,61,0.0,,7.7,,1016.7,,4
2023-10-23,21.3,16.4,28.0,60,0.0,,8.1,,1014.9,,1
2023-10-24,21.2,15.4,28.5,52,0.0,,7.6,,1014.2,,0
2023-10-25,21.5,15.0,32.0,54,0.0,,8.7,,1014.7,,0
2023-10-26,21.7,15.2,28.9,51,0.0,,12.3,,1014.0,,0
2023-10-27,21.7,15.8,28.4,52,0.0,,10.5,,1013.3,,0
2023-10-28,21.1,15.2,27.7,57,0.0,,7.4,,1013.7,,5
2023-10-29,21.0,16.3,27.9,59,0.0,,7.2,,1014.1,,0
2023-10-30,21.1,16.0,27.9,59,0.0,,7.0,,1014.9,,2
2023-10-31,21.0,15.8,27.9,60,0.0,,5.8,,1016.2,,0
2023-11-01,21.1,16.3,28.2,59,0.0,,6.8,,1017.0,,0
2023-11-02,20.9,15.2,27.7,57,0.0,,7.4,,1014.7,,2
2023-11-03,20.5,15.7,27.2,63,0.0,,8.8,,1012.2,,1
2023-11-04,20.1,14.0,27.7,55,0.0,,8.5,,1012.5,,0
2023-11-05,20.0,14.4,27.4,55,0.0,,8.7,,1014.1,,0
2023-11-06,19.1,13.6,26.2,60,0.0,,7.9,,1016.0,,3
2023-11-07,19.5,13.5,26.4,61,0.0,,9.3,,1015.1,,1
2023-11-08,20.3,14.9,27.5,56,0.0,,10.3,,1013.9,,1
2023-11-09,20.7,16.1,27.4,57,0.0,,8.0,,1014.1,,2
2023-11-10,18.6,16.0,22.8,69,4.5,,9.7,,1017.2,,5
2023-11-11,17.9,13.6,23.1,75,0.0,,9.0,,1018.2,,1
2023-11-12,17.6,12.8,24.2,70,0.0,,10.0,,1017.8,,0
2023-11-13,17.4,13.1,23.8,73,0.0,,7.1,,1018.2,,2
2023-11-14,17.9,12.8,27.0,73,0.0,,7.1,,1017.8,,4
2023-11-15,18.2,13.5,24.9,69,0.0,,7.2,,1017.1,,0
2023-11-16,18.5,14.4,24.8,66,0.0,,5.7,,1018.4,,2
2023-11-17,19.1,14.3,26.4,59,0.0,,7.2,,1018.1,,3
2023-11-18,18.3,13.5,25.1,62,0.0,,7.2,,1016.3,,0
2023-11-19,18.4,14.1,24.6,66,0.0,,8.5,,1017.7,,0
2023-11-20,18.0,13.0,24.5,68,0.0,,7.0,,1017.6,,0
2023-11-21,18.0,13.2,24.3,66,0.0,,12.2,,1016.0,,0
2023-11-22,18.0,13.0,24.0,67,0.0,,10.4,,1013.7,,0
2023-11-23,16.9,12.7,23.0,74,0.0,,7.2,,1014.4,,0
2023-11-24,17.6,12.9,24.7,66,0.0,,6.9,,1016.3,,1
2023-11-25,17.5,13.2,23.9,64,0.0,,5.6,,1017.1,,3
2023-11-26,17.7,14.0,23.2,61,0.0,,6.9,,1018.2,,8
2023-11-27,17.8,14.8,22.1,62,0.2,,9.1,,1016.3,,8
2023-11-28,17.4,13.5,27.0,69,0.4,,7.6,,1016.2,,3
2023-11-29,17.3,12.5,23.2,62,0.0,,6.2,,1016.2,,1
2023-11-30,15.1,12.5,25.5,75,15.0,,10.7,,1017.4,,4
2023-12-01,17.0,11.8,23.5,66,39.9,,8.0,,1017.3,,0
2023-12-02,17.7,12.2,24.9,64,0.0,,6.3,,1017.1,,0
2023-12-03,16.0,11.7,23.0,70,0.0,,5.8,,1017.9,,0
2023-12-04,15.5,11.2,21.1,69,0.0,,6.4,,1016.4,,1
2023-12-05,16.7,11.2,23.8,63,0.0,,8.8,,1016.2,,0
2023-12-06,15.8,11.1,22.9,61,0.0,,6.3,,1016.5,,0
2023-12-07,16.7,11.8,26.0,57,0.0,,7.8,,1016.0,,0
2023-12-08,15.7,10.8,24.0,64,0.0,,9.0,,1015.3,,0
2023-12-09,15.3,11.0,21.2,55,0.0,,14.0,,1015.6,,0
2023-12-10,15.2,11.6,21.2,52,0.0,,16.5,,1013.5,,0
2023-12-11,13.5,9.0,20.2,58,0.0,,6.9,,1015.0,,3
2023-12-12,12.9,8.2,19.8,63,0.0,,7.4,,1015.0,,0
2023-12-13,13.5,8.3,21.0,50,0.0,,8.1,,1016.2,,0
2023-12-14,14.6,10.4,21.1,49,0.0,,13.9,,1016.3,,5
2023-12-15,13.1,9.1,19.0,60,0.0,,7.2,,1018.3,,8
2023-12-16,12.8,8.4,19.4,61,0.0,,8.9,,1016.9,,2
2023-12-17,13.4,8.1,21.0,59,0.0,,9.6,,1018.1,,0
2023-12-18,13.7,9.2,20.3,59,0.0,,16.6,,1018.7,,0
2023-12-19,13.2,9.0,19.5,57,0.0,,14.1,,1018.9,,0
2023-12-20,12.1,7.9,18.0,67,0.0,,6.4,,1019.2,,0
2023-12-21,13.0,7.4,22.0,67,0.0,,6.1,,1017.9,,0
2023-12-22,14.0,7.0,22.0,70,0.0,,6.0,,1017.7,,6
2023-12-23,15.1,10.4,21.6,66,0.0,,7.3,,1019.9,,2
2023-12-24,15.1,10.0,23.0,69,0.0,,8.5,,1021.1,,2
2023-12-25,14.0,9.5,20.0,66,0.0,,7.5,,1018.9,,0
2023-12-26,13.4,9.7,19.3,68,0.0,,7.0,,1018.9,,6
2023-12-27,14.8,9.0,24.0,66,0.0,,6.9,,1020.3,,0
2023-12-28,12.9,9.0,19.1,77,0.0,,6.1,,1018.8,,1
2023-12-29,13.4,9.3,19.2,84,0.0,,4.8,,1019.9,,1
2023-12-30,13.0,10.1,18.6,80,0.0,,5.9,,1018.0,,5
2023-12-31,12.0,8.9,17.0,82,0.0,,6.5,,1018.0,,2
2024-01-01,11.1,7.9,15.4,87,0.0,,7.3,,1018.3,,1
2024-01-02,10.9,7.1,15.0,85,0.0,,6.2,,1017.8,,1
2024-01-03,11.0,7.3,19.0,82,0.0,,5.5,,1017.8,,3
2024-01-04,10.2,6.4,17.0,84,0.0,,6.6,,1018.0,,2
2024-01-05,10.1,6.2,15.7,86,0.0,,6.9,,1018.1,,1
2024-01-06,10.4,6.0,17.0,83,0.0,,7.9,,1019.6,,0
2024-01-07,10.4,6.6,16.6,80,0.0,,7.3,,1020.1,,1
2024-01-08,10.0,6.5,15.4,86,0.0,,7.0,,1020.2,,2
2024-01-09,10.4,5.7,14.9,82,0.0,,9.9,,1019.7,,1
2024-01-10,10.3,5.4,16.7,81,0.0,,13.7,,1017.6,,1
2024-01-11,9.6,6.4,14.5,84,0.0,,10.4,,1018.6,,2
2024-01-12,9.5,7.0,14.0,85,0.0,,7.5,,1017.4,,6
2024-01-13,10.2,7.0,16.0,86,0.0,,5.0,,1017.5,,5
2024-01-14,8.5,3.0,16.0,85,0.0,,6.7,,1017.4,,1
2024-01-15,8.9,5.7,15.2,87,0.0,,6.5,,1016.7,,2
2024-01-16,10.7,5.8,17.0,82,0.0,,4.8,,1014.9,,0
2024-01-17,11.4,6.0,19.0,80,0.0,,5.5,,1015.2,,0
2024-01-18,11.9,7.0,19.0,85,0.0,,4.9,,1017.0,,0
2024-01-19,10.7,7.6,15.0,88,0.0,,6.5,,1018.0,,2
2024-01-20,10.7,6.9,15.0,86,0.0,,7.6,,1019.0,,4
2024-01-21,9.2,6.6,15.8,85,0.0,,12.7,,1017.1,,1
2024-01-22,9.1,5.2,13.3,86,0.0,,7.6,,1019.0,,4
2024-01-23,9.3,4.8,15.0,82,0.0,,6.5,,1018.7,,0
2024-01-24,8.2,5.4,15.3,82,0.0,,5.9,,1018.2,,1
2024-01-25,9.8,6.0,16.3,78,0.0,,6.1,,1020.3,,6
2024-01-26,12.8,8.0,20.0,71,0.0,,6.5,,1021.1,,4
2024-01-27,14.6,7.0,23.0,68,0.0,,14.2,,1018.6,,2
2024-01-28,13.0,9.1,18.0,70,0.0,,8.8,,1018.3,,4
2024-01-29,14.6,8.8,23.0,70,0.0,,5.5,,1018.4,,0
2024-01-30,12.6,8.0,19.0,85,0.0,,4.8,,1016.9,,0
2024-01-31,14.8,10.6,20.2,76,0.0,,10.6,,1016.1,,5
2024-02-01,12.9,12.0,20.2,81,1.0,,13.2,,1016.2,,5
2024-02-02,12.6,6.9,19.0,72,26.9,,12.8,,1019.7,,0
2024-02-03,15.0,9.0,19.2,62,0.0,,8.7,,1017.6,,4
2024-02-04,14.0,11.9,19.2,88,3.0,,10.4,,1016.6,,7
2024-02-05,12.8,8.0,16.4,88,8.9,,7.2,,1018.1,,2
2024-02-06,12.2,7.5,18.7,67,0.0,,14.0,,1019.5,,0
2024-02-07,13.1,7.3,19.0,65,0.0,,15.2,,1020.3,,2
2024-02-08,14.2,9.0,22.0,62,0.0,,18.3,,1017.7,,0
2024-02-09,14.2,7.0,22.0,68,0.0,,5.9,,1018.8,,0
2024-02-10,14.9,8.0,23.0,67,0.0,,6.1,,1021.8,,0
2024-02-11,15.7,9.0,25.0,71,0.0,,6.0,,1020.9,,0
2024-02-12,15.3,9.0,23.0,71,0.0,,5.3,,1019.9,,5
2024-02-13,17.0,11.0,25.0,65,0.0,,4.7,,1019.1,,4
2024-02-14,16.0,10.0,25.0,69,0.0,,8.5,,1018.5,,0
2024-02-15,16.4,9.7,26.0,63,0.0,,8.8,,1019.2,,0
2024-02-16,16.9,9.0,26.0,65,0.0,,7.4,,1019.7,,0
2024-02-17,17.6,11.0,24.0,64,0.0,,12.0,,1014.6,,2
2024-02-18,17.7,11.0,24.0,71,0.0,,8.7,,1012.7,,7
2024-02-19,20.8,17.0,25.0,52,1.9,,28.6,,1010.2,,5
2024-02-20,19.8,13.1,24.9,64,0.0,,18.4,,1010.8,,1
2024-02-21,16.3,9.7,24.6,67,0.0,,8.6,,1011.2,,1
2024-02-22,15.9,8.7,24.0,48,0.0,,9.1,,1013.6,,0
2024-02-23,14.6,6.8,23.0,45,0.0,,9.9,,1015.4,,0
2024-02-24,13.6,7.0,20.1,51,0.0,,8.6,,1016.3,,0
2024-02-25,14.2,6.7,21.0,45,0.0,,9.6,,1019.0,,2
2024-02-26,15.8,8.2,25.0,41,0.0,,9.0,,1018.3,,7
2024-02-27,16.0,12.4,21.6,53,0.0,,8.2,,1018.1,,6
2024-02-28,16.5,10.9,22.7,52,0.0,,16.5,,1015.4,,0
2024-02-29,18.1,12.7,24.8,50,0.0,,14.6,,1014.1,,3
2024-03-01,18.0,13.5,22.6,58,2.8,,13.3,,1014.4,,8
2024-03-02,19.0,16.5,26.3,64,6.1,,29.9,,1010.5,,7
2024-03-03,15.8,10.0,23.7,82,6.1,,17.8,,1012.5,,5
2024-03-04,14.3,7.2,21.8,63,8.9,,9.9,,1016.7,,4
2024-03-05,13.5,7.6,21.8,62,0.0,,13.5,,1017.1,,7
2024-03-06,15.4,8.5,23.0,64,0.0,,10.8,,1015.3,,1
2024-03-07,16.4,10.2,22.4,59,0.0,,11.3,,1014.8,,2
2024-03-08,17.4,10.6,25.0,55,0.0,,12.8,,1015.5,,0
2024-03-09,17.9,11.6,26.0,59,0.0,,14.0,,1014.8,,1
2024-03-10,18.9,12.1,25.0,59,0.0,,7.8,,1014.6,,6
2024-03-11,20.3,15.0,27.0,60,0.0,,7.5,,1016.9,,2
2024-03-12,20.6,13.2,28.0,53,0.0,,11.9,,1014.5,,0
2024-03-13,19.6,13.9,26.0,62,0.8,,7.5,,1012.4,,4
2024-03-14,21.2,13.0,28.2,53,0.0,,11.5,,1015.2,,0
2024-03-15,20.1,12.0,28.0,50,0.0,,11.5,,1013.3,,0
2024-03-16,21.1,12.9,29.0,54,0.0,,7.3,,1015.6,,1
2024-03-17,20.6,13.3,29.0,44,0.0,,8.8,,1014.7,,7
2024-03-18,21.4,14.0,30.0,50,0.0,,8.0,,1013.1,,2
2024-03-19,21.8,13.8,30.0,48,0.0,,7.9,,1013.1,,2
2024-03-20,22.6,14.0,31.0,43,0.0,,8.9,,1013.5,,0
2024-03-21,21.6,17.5,27.0,55,0.0,,17.7,,1013.7,,3
2024-03-22,23.0,17.5,28.9,56,0.0,,12.0,,1010.4,,2
2024-03-23,23.8,17.4,30.5,41,0.0,,16.3,,1008.2,,2
2024-03-24,22.5,17.0,28.7,48,0.5,,13.1,,1010.6,,6
2024-03-25,23.8,15.1,31.0,46,0.0,,15.1,,1012.0,,0
2024-03-26,25.3,19.5,31.4,42,0.0,,15.3,,1010.6,,6
2024-03-27,28.1,20.9,32.8,44,0.0,,14.7,,1013.1,,8
2024-03-28,27.5,22.0,34.2,38,0.0,,14.0,,1009.8,,7
2024-03-29,25.9,18.8,34.0,49,0.0,,9.8,,1009.7,,6
2024-03-30,25.0,19.0,34.0,51,3.8,,16.4,,1011.3,,3
2024-03-31,24.6,18.6,30.4,42,0.0,,16.3,,1011.8,,1
2024-04-01,22.6,17.5,28.4,48,0.0,,14.3,,1008.6,,6
2024-04-02,22.8,16.2,31.0,46,0.0,,13.7,,1007.5,,2
2024-04-03,24.4,15.4,31.8,44,0.0,,9.0,,1008.7,,8
2024-04-04,24.6,16.2,34.0,36,0.0,,10.5,,1008.9,,3
2024-04-05,25.3,18.6,34.0,29,0.0,,14.0,,1008.1,,1
2024-04-06,25.8,18.0,34.0,33,0.0,,14.0,,1008.3,,0
2024-04-07,25.0,16.1,34.0,34,0.0,,12.5,,1008.1,,0
2024-04-08,25.4,16.1,34.0,32,0.0,,11.3,,1009.5,,1
2024-04-09,25.2,17.4,33.0,31,0.0,,10.6,,1010.0,,2
2024-04-10,25.8,16.3,33.8,32,0.0,,11.1,,1010.3,,3
2024-04-11,26.6,19.7,34.1,30,0.0,,12.0,,1011.6,,3
2024-04-12,26.6,17.2,34.6,31,0.0,,11.8,,1010.5,,1
2024-04-13,27.6,19.9,35.0,32,0.0,,15.0,,1009.9,,7
2024-04-14,26.3,22.3,31.5,43,1.5,,15.2,,1012.6,,8
2024-04-15,25.6,20.9,32.8,49,0.3,,9.9,,1011.6,,7
2024-04-16,25.5,20.1,30.8,51,0.6,,16.0,,1010.3,,4
2024-04-17,25.9,19.5,31.3,40,0.0,,18.4,,1008.2,,6
2024-04-18,27.2,21.7,33.4,38,0.0,,14.8,,1007.1,,3
2024-04-19,27.4,21.1,36.7,41,1.0,,16.0,,1005.5,,2
2024-04-20,28.3,21.0,37.2,37,13.0,,12.4,,1005.0,,2
2024-04-21,27.7,19.9,35.7,34,0.0,,12.7,,1005.7,,1
2024-04-22,26.7,19.3,33.9,32,0.0,,10.4,,1006.4,,2
2024-04-23,25.5,18.7,32.7,36,0.0,,10.9,,1007.0,,3
2024-04-24,26.9,18.0,35.5,35,0.0,,10.0,,1006.2,,1
2024-04-25,28.2,19.5,35.5,30,0.0,,15.7,,1005.9,,0
2024-04-26,30.8,22.7,37.5,22,0.0,,14.6,,1004.8,,3
2024-04-27,26.6,21.7,40.2,31,0.5,,14.5,,1006.3,,2
2024-04-28,28.0,20.8,36.7,31,8.9,,11.8,,1007.3,,4
2024-04-29,25.0,21.3,35.9,38,0.0,,17.8,,1007.2,,4
2024-04-30,26.6,18.2,35.0,33,0.0,,12.3,,1005.3,,0
2024-05-01,23.7,18.0,29.2,33,0.0,,15.0,,1003.6,,0
2024-05-02,26.1,17.0,32.9,30,0.0,,17.2,,1004.4,,0
2024-05-03,28.8,19.0,35.4,29,0.0,,15.9,,1005.0,,6
2024-05-04,32.2,26.8,39.0,20,0.0,,19.6,,1004.8,,5
2024-05-05,31.6,25.0,38.4,23,0.0,,16.5,,1001.5,,0
2024-05-06,32.4,24.5,38.6,23,0.0,,13.3,,1003.1,,0
2024-05-07,31.3,23.0,38.3,24,0.0,,11.4,,1005.4,,0
2024-05-08,30.6,24.3,36.5,34,0.0,,15.3,,1006.1,,1
2024-05-09,30.6,26.0,37.0,42,0.0,,18.2,,1006.1,,1
2024-05-10,31.0,26.3,35.8,40,0.0,,16.7,,1006.6,,2
2024-05-11,30.8,24.9,38.2,42,0.0,,11.3,,1007.9,,2
2024-05-12,29.1,22.9,34.7,41,0.2,,11.2,,1008.3,,1
2024-05-13,31.1,23.0,39.0,28,0.0,,13.8,,1008.6,,0
2024-05-14,31.4,23.6,38.3,19,0.0,,13.0,,1007.9,,0
2024-05-15,32.0,23.4,39.8,22,0.0,,10.4,,1008.1,,0
2024-05-16,32.6,23.1,40.0,23,0.0,,12.7,,1007.5,,0
2024-05-17,34.4,25.3,41.8,24,0.0,,13.5,,1004.4,,1
2024-05-18,35.4,27.7,42.5,21,0.0,,16.6,,1001.1,,0
2024-05-19,35.3,27.3,42.1,21,0.0,,15.0,,999.6,,0
2024-05-20,34.3,28.5,40.6,22,0.0,,14.0,,1000.7,,1
2024-05-21,33.5,27.1,40.3,30,0.0,,17.0,,1001.9,,0
2024-05-22,34.0,28.4,40.0,37,0.0,,16.6,,1002.9,,0
2024-05-23,33.1,29.5,37.6,44,0.0,,17.2,,1002.6,,0
2024-05-24,33.6,28.9,38.2,40,0.0,,14.8,,1001.7,,0
2024-05-25,34.7,27.4,40.9,29,0.0,,15.3,,999.3,,0
2024-05-26,35.3,25.7,43.4,23,0.0,,14.1,,997.5,,0
2024-05-27,35.4,26.9,42.7,22,0.0,,15.2,,995.3,,0
2024-05-28,35.1,26.5,43.0,16,0.0,,13.5,,992.9,,0
2024-05-29,35.9,26.4,43.7,12,0.0,,13.2,,994.3,,0
2024-05-30,36.6,29.5,43.1,14,0.0,,14.6,,996.9,,1
2024-05-31,35.6,26.0,46.0,14,0.0,,13.0,,999.3,,1
2024-06-01,36.2,27.6,45.0,15,0.0,,12.2,,1000.0,,2
2024-06-02,35.1,28.1,43.0,24,0.0,,11.8,,1002.3,,1
2024-06-03,35.2,26.4,42.1,20,0.0,,14.0,,1000.6,,0
2024-06-04,34.7,27.6,42.0,23,0.0,,12.4,,1000.8,,2
2024-06-05,33.6,24.0,41.0,26,0.0,,15.5,,1002.3,,3
2024-06-06,32.7,22.2,42.9,35,3.0,,17.5,,1004.5,,2
2024-06-07,33.6,26.9,40.2,25,0.0,,19.4,,1001.5,,3
2024-06-08,33.4,28.0,39.5,25,0.0,,17.6,,1000.4,,6
2024-06-09,34.3,26.6,43.0,23,0.0,,16.4,,1000.6,,1
2024-06-10,34.7,27.6,43.0,17,0.0,,15.0,,1000.4,,1
2024-06-11,35.6,26.7,44.0,19,0.0,,12.2,,1000.1,,0
2024-06-12,36.2,27.4,45.0,18,0.0,,13.7,,999.4,,0
2024-06-13,36.9,29.4,45.0,18,0.0,,16.8,,998.1,,0
2024-06-14,36.7,29.4,42.5,21,0.0,,15.0,,997.5,,0
2024-06-15,36.6,29.3,42.6,21,0.0,,15.5,,997.6,,0
2024-06-16,37.4,30.8,43.2,23,0.0,,16.8,,997.9,,0
2024-06-17,38.6,33.4,45.0,25,0.0,,16.6,,998.2,,0
2024-06-18,37.8,32.1,43.2,24,0.0,,16.5,,995.9,,0
2024-06-19,36.8,28.0,43.0,28,0.0,,15.5,,994.3,,2
2024-06-20,32.2,28.5,39.2,41,0.3,,8.5,,996.7,,4
2024-06-21,31.0,26.2,35.0,55,0.0,,9.0,,999.9,,4
2024-06-22,31.4,26.8,35.6,51,0.0,,7.5,,999.7,,3
2024-06-23,32.2,28.1,37.7,52,0.0,,9.3,,1000.0,,1
2024-06-24,32.8,28.8,37.9,52,0.0,,8.9,,998.6,,2
2024-06-25,32.7,29.0,37.4,57,0.2,,9.4,,997.8,,5
2024-06-26,31.4,27.3,35.8,63,1.6,,15.7,,998.9,,3
2024-06-27,31.4,28.7,36.9,70,5.1,,17.4,,1001.7,,4
2024-06-28,32.9,28.2,37.3,68,0.0,,13.0,,1000.3,,2
2024-06-29,32.4,29.7,33.8,72,0.0,,9.6,,998.7,,2
2024-06-30,30.2,25.2,35.9,71,4.3,,9.9,,997.9,,2
2024-07-01,29.4,25.2,34.7,75,0.3,,10.9,,995.9,,4
2024-07-02,30.4,25.4,36.0,83,4.1,,12.5,,995.1,,8
2024-07-03,28.4,25.6,36.0,81,65.0,,15.1,,997.6,,8
2024-07-04,30.2,25.4,34.0,78,8.9,,12.8,,1000.6,,7
2024-07-05,30.7,25.3,34.8,79,0.0,,9.4,,997.4,,4
2024-07-06,28.4,25.5,34.8,72,3.0,,13.6,,995.9,,5
2024-07-07,30.6,26.2,36.0,74,16.0,,9.2,,998.6,,7
2024-07-08,29.9,28.0,36.0,77,0.0,,9.4,,1002.4,,5
2024-07-09,29.4,25.0,33.5,74,0.4,,7.0,,1002.7,,1
2024-07-10,30.2,25.7,34.0,71,0.9,,7.0,,1002.4,,1
2024-07-11,31.0,27.1,35.5,69,0.0,,9.8,,998.1,,1
2024-07-12,30.7,27.3,36.0,65,1.5,,8.2,,996.0,,2
2024-07-13,32.8,27.0,36.6,72,0.0,,8.2,,997.7,,4
2024-07-14,30.6,25.5,35.3,64,0.0,,6.9,,997.4,,0
2024-07-15,31.0,26.5,34.8,65,2.4,,9.2,,1000.2,,1
2024-07-16,31.7,28.2,35.1,65,2.6,,8.1,,1001.2,,4
2024-07-17,30.7,26.2,35.2,67,0.6,,12.5,,1001.2,,4
2024-07-18,31.1,27.1,35.3,66,0.5,,10.2,,999.2,,2
2024-07-19,30.3,25.7,36.0,74,0.3,,10.9,,998.1,,3
2024-07-20,30.8,26.0,35.0,71,0.7,,9.7,,999.3,,2
2024-07-21,30.6,26.8,34.7,71,3.1,,12.8,,999.3,,2
2024-07-22,30.0,26.2,34.6,73,3.5,,13.2,,999.4,,4
2024-07-23,30.6,27.0,35.1,70,3.8,,9.2,,997.9,,5
2024-07-24,29.8,26.0,34.0,76,2.7,,10.9,,995.0,,4
2024-07-25,29.9,26.3,34.3,74,0.0,,9.8,,994.0,,2
2024-07-26,31.4,26.4,36.4,78,10.9,,7.9,,995.7,,5
2024-07-27,31.9,28.8,36.2,72,0.0,,12.0,,998.0,,4
2024-07-28,33.6,28.6,39.0,62,0.0,,8.1,,998.2,,4
2024-07-29,32.3,26.7,39.0,69,7.9,,8.8,,998.2,,4
2024-07-30,31.7,26.7,36.9,79,0.0,,8.8,,999.9,,8
2024-07-31,31.4,28.6,37.4,87,30.0,,12.1,,999.6,,8
2024-08-01,29.2,25.6,37.4,84,23.9,,13.8,,999.1,,8
2024-08-02,30.6,27.2,35.4,80,0.0,,11.3,,998.4,,5
2024-08-03,31.4,26.9,35.4,75,7.9,,15.6,,1000.1,,4
2024-08-04,31.3,28.9,36.0,72,0.0,,9.0,,1002.0,,5
2024-08-05,29.1,26.4,35.0,77,0.9,,11.5,,1002.0,,5
2024-08-06,28.4,26.6,31.6,78,4.0,,15.4,,1000.2,,6
2024-08-07,28.9,26.1,34.9,80,17.0,,18.4,,1001.2,,6
2024-08-08,30.6,27.0,34.6,79,0.0,,13.1,,1002.9,,3
2024-08-09,28.1,25.5,31.0,80,0.2,,11.0,,1003.9,,4
2024-08-10,30.2,26.4,35.4,80,14.0,,10.7,,1002.9,,4
2024-08-11,25.2,25.9,34.0,81,29.0,,13.0,,1001.5,,8
2024-08-12,27.6,25.2,31.3,82,0.2,,7.6,,1002.7,,6
2024-08-13,30.1,27.3,35.2,83,1.0,,6.7,,1003.9,,7
2024-08-14,28.3,26.1,31.5,83,0.0,,7.2,,1004.4,,7
2024-08-15,28.5,25.5,31.8,82,7.1,,8.6,,1003.1,,6
2024-08-16,29.8,26.4,36.2,84,2.0,,12.6,,1002.4,,8
2024-08-17,29.2,26.0,36.2,81,22.1,,10.6,,1004.8,,7
2024-08-18,29.7,26.3,34.9,85,15.0,,10.4,,1004.7,,6
2024-08-19,28.7,25.0,34.9,85,0.0,,9.6,,1003.6,,7
2024-08-20,26.4,24.2,31.6,89,9.1,,7.9,,1004.1,,7
2024-08-21,30.6,26.2,35.5,84,1.0,,8.6,,1005.5,,5
2024-08-22,30.8,26.9,35.5,78,0.0,,9.5,,1004.1,,3
2024-08-23,29.6,24.9,35.5,80,0.0,,9.5,,1004.9,,4
2024-08-24,28.3,25.3,35.1,82,4.1,,7.5,,1005.0,,4
2024-08-25,30.7,26.4,35.6,76,7.9,,8.6,,1002.9,,3
2024-08-26,29.3,25.3,36.2,80,0.0,,9.3,,1003.2,,5
2024-08-27,28.2,23.6,36.2,78,49.0,,16.1,,1005.3,,6
2024-08-28,29.5,24.7,35.3,,7.9,,,,,,
2024-08-29,27.0,24.1,34.7,,25.9,,,,,,
2024-08-30,30.1,25.5,34.8,,5.1,,,,,,
2024-08-31,30.4,25.9,35.1,,0.0,,,,,,
2024-09-02,29.2,24.6,35.5,,4.1,,,,,,
2024-09-03,28.8,,35.7,,0.0,,,,,,
2024-09-04,27.6,24.2,35.7,,36.1,,,,,,
2024-09-05,29.6,26.0,33.9,83,8.9,,5.6,,1002.2,,3
2024-09-06,27.9,24.5,33.9,84,0.0,,8.2,,1004.3,,4
2024-09-07,28.1,24.6,31.9,81,9.9,,5.2,,1005.1,,4
2024-09-08,29.5,25.4,33.4,76,0.0,,6.6,,1004.6,,3
2024-09-09,28.5,25.0,34.0,75,0.0,,6.2,,1002.3,,3
2024-09-10,28.1,23.5,35.5,83,14.0,,7.5,,1002.4,,5
2024-09-11,30.1,25.5,36.4,71,1.0,,6.0,,1001.9,,3
2024-09-12,28.4,26.4,36.4,84,0.0,,7.9,,1000.9,,7
2024-09-13,26.1,23.3,31.6,84,5.1,,13.0,,1000.8,,8
2024-09-14,27.5,23.3,32.6,82,0.5,,8.2,,1002.6,,3
2024-09-15,26.3,22.9,33.5,82,0.0,,9.1,,1003.3,,3
2024-09-16,28.4,22.1,33.9,73,7.9,,10.9,,1004.3,,0
2024-09-17,29.6,24.5,35.4,77,0.0,,7.2,,1006.0,,1
2024-09-18,28.2,24.8,35.4,76,0.0,,9.2,,1005.8,,7
2024-09-19,28.4,24.0,33.8,75,0.3,,9.4,,1006.3,,4
2024-09-20,29.7,23.0,35.4,75,0.3,,7.5,,1005.6,,0
2024-09-21,30.6,25.3,35.4,75,0.0,,6.5,,1006.7,,0
2024-09-22,28.1,23.2,33.1,73,0.0,,6.6,,1006.0,,0
2024-09-23,29.5,24.5,37.0,70,0.0,,7.6,,1005.0,,1
2024-09-24,29.5,25.0,33.7,70,0.0,,7.0,,1004.1,,0
2024-09-25,29.0,25.7,32.5,72,0.4,,11.8,,1005.0,,1
2024-09-26,26.7,25.5,28.7,77,1.6,,13.4,,1005.8,,4
2024-09-27,26.9,23.7,31.5,74,0.0,,9.0,,1004.6,,0
2024-09-28,26.6,23.0,31.9,75,0.6,,10.8,,1006.1,,1
2024-09-29,26.5,22.5,31.3,75,0.0,,8.9,,1009.2,,1
2024-09-30,27.2,22.0,32.4,68,0.0,,13.0,,1007.3,,1
2024-10-01,28.1,23.6,33.0,64,0.0,,14.4,,1004.4,,0
2024-10-02,28.0,21.6,34.4,57,0.0,,11.2,,1004.1,,0
2024-10-03,27.2,20.4,34.3,54,0.0,,8.4,,1003.9,,0
2024-10-04,27.4,21.3,33.3,61,0.0,,7.4,,1005.5,,0
2024-10-05,27.6,22.1,33.7,55,0.0,,9.3,,1007.5,,0
2024-10-06,27.3,21.7,33.7,52,0.0,,11.5,,1010.5,,0
2024-10-07,26.4,21.5,31.9,54,0.0,,7.7,,1012.7,,0
2024-10-08,26.4,21.4,32.0,59,0.0,,8.7,,1012.5,,0
2024-10-09,26.4,20.2,32.9,53,0.0,,10.7,,1009.8,,0
2024-10-10,26.3,18.9,33.6,44,0.0,,14.2,,1008.8,,0
2024-10-11,26.2,20.1,32.6,46,0.0,,13.6,,1008.9,,0
2024-10-12,25.3,19.3,31.5,49,0.0,,9.3,,1009.8,,0
2024-10-13,25.1,19.4,31.4,53,0.0,,7.7,,1011.0,,0
2024-10-14,25.2,19.9,30.8,55,0.0,,9.1,,1011.4,,0
2024-10-15,25.8,19.4,32.2,50,0.0,,12.7,,1010.2,,0
2024-10-16,24.9,19.3,31.3,53,0.0,,7.6,,1009.6,,2
2024-10-17,24.9,18.9,32.0,55,0.0,,8.1,,1010.4,,0
2024-10-18,25.1,19.5,33.0,56,0.0,,8.3,,1010.5,,0
2024-10-19,24.7,19.5,31.2,54,0.0,,8.9,,1010.6,,0
2024-10-20,24.1,18.6,30.4,57,0.0,,8.4,,1012.4,,0
2024-10-21,23.8,18.8,30.1,61,0.0,,7.0,,1013.0,,0
2024-10-22,23.7,18.6,29.8,62,0.0,,7.3,,1013.8,,0
2024-10-23,24.4,17.7,31.3,54,0.0,,12.0,,1012.7,,0
2024-10-24,24.4,17.5,31.8,46,0.0,,14.2,,1011.0,,0
2024-10-25,23.8,18.3,32.0,48,0.0,,10.3,,1010.6,,0
2024-10-26,23.4,18.6,29.7,57,0.0,,9.4,,1010.8,,0
2024-10-27,23.8,19.2,29.1,63,0.0,,9.5,,1010.4,,0
2024-10-28,24.0,19.2,29.6,68,0.0,,8.1,,1009.0,,0
2024-10-29,24.1,19.1,30.4,64,0.0,,6.5,,1009.4,,0
2024-10-30,24.6,18.8,32.0,56,0.0,,9.6,,1009.9,,0
2024-10-31,25.6,21.4,31.4,44,0.0,,14.7,,1010.7,,0
2024-11-01,23.9,19.5,32.0,48,0.0,,11.5,,1011.6,,0
2024-11-02,22.6,16.9,29.1,56,0.0,,7.2,,1013.3,,0
2024-11-03,22.4,17.4,28.9,56,0.0,,7.2,,1014.4,,0
2024-11-04,22.3,17.4,28.8,62,0.0,,6.5,,1012.7,,0
2024-11-05,22.4,17.0,28.1,69,0.0,,8.8,,1015.5,,0
2024-11-06,22.5,18.6,28.4,61,0.0,,6.7,,1015.4,,0
2024-11-07,22.8,17.8,30.0,65,0.0,,6.0,,1014.9,,0
2024-11-08,22.7,18.1,27.9,66,0.0,,6.3,,1014.5,,0
2024-11-09,22.2,17.9,27.8,67,0.0,,7.6,,1014.9,,0
2024-11-10,22.0,17.6,27.8,66,0.0,,7.1,,1014.8,,0
2024-11-11,21.9,17.4,27.6,66,0.0,,6.1,,1014.6,,0
2024-11-12,21.9,17.1,27.7,63,0.0,,7.5,,1013.6,,0
2024-11-13,21.3,16.5,28.7,64,0.0,,8.5,,1012.6,,0
2024-11-14,20.2,13.7,27.2,58,0.0,,7.3,,1014.9,,4
2024-11-15,20.2,15.5,26.8,59,0.0,,9.9,,1013.8,,3
2024-11-16,20.5,16.6,26.2,55,0.0,,12.3,,1012.9,,0
2024-11-17,19.6,15.0,25.9,56,0.0,,10.0,,1013.8,,0
2024-11-18,18.6,13.9,25.1,64,0.0,,9.8,,1015.2,,1
2024-11-19,17.8,12.6,24.2,64,0.0,,7.6,,1016.3,,0
2024-11-20,17.5,12.2,24.6,58,0.0,,7.5,,1015.2,,0
2024-11-21,17.1,11.7,24.1,59,0.0,,7.7,,1015.0,,0
2024-11-22,17.2,11.2,24.8,61,0.0,,7.0,,1014.7,,0
2024-11-23,18.1,12.9,26.0,53,0.0,,7.2,,1015.3,,2
2024-11-24,19.5,13.1,26.9,49,0.0,,10.5,,1014.8,,0
2024-11-25,18.1,12.2,24.8,50,0.0,,10.1,,1014.7,,0
2024-11-26,17.9,12.1,24.5,53,0.0,,10.4,,1014.8,,0
2024-11-27,17.1,11.5,23.6,51,0.0,,8.8,,1014.6,,0
2024-11-28,16.1,10.0,23.5,52,0.0,,6.3,,1016.5,,0
2024-11-29,16.2,10.3,23.7,56,0.0,,6.4,,1017.3,,0
2024-11-30,16.7,10.7,23.5,57,0.0,,9.8,,1015.1,,1
2024-12-01,17.0,10.7,24.3,55,0.0,,8.5,,1013.1,,0
2024-12-02,18.1,12.4,26.1,46,0.0,,10.6,,1013.2,,0
2024-12-03,18.0,11.4,24.8,42,0.0,,12.6,,1015.6,,0
2024-12-04,18.2,14.7,24.6,45,0.0,,16.5,,1014.1,,0
2024-12-05,16.7,12.7,22.8,48,0.0,,12.9,,1013.5,,0
2024-12-06,16.2,12.6,24.0,48,0.0,,13.0,,1012.6,,0
2024-12-07,13.9,8.4,21.0,48,0.0,,6.5,,1012.6,,0
2024-12-08,14.1,10.6,20.6,52,5.9,,17.2,,1012.8,,4
2024-12-09,13.7,8.4,22.0,50,0.8,,12.9,,1015.4,,1
2024-12-10,13.1,9.4,21.9,43,0.0,,15.1,,1016.5,,0
2024-12-11,12.9,8.9,20.0,41,0.0,,12.8,,1015.2,,0
2024-12-14,13.3,9.1,19.3,46,0.0,,12.7,,1016.7,,0
2024-12-15,12.2,7.8,18.2,56,0.0,,6.3,,1018.8,,2
2024-12-16,12.3,6.2,20.1,59,0.0,,5.0,,1017.5,,1
2024-12-17,12.9,8.2,20.1,66,0.0,,7.8,,1016.1,,0
2024-12-18,13.1,7.1,21.5,60,0.0,,6.0,,1015.3,,0
2024-12-19,12.8,8.5,19.4,66,0.0,,9.9,,1015.9,,0
2024-12-20,13.4,5.7,22.3,52,0.0,,8.7,,1015.8,,0
2024-12-21,12.8,6.7,20.2,57,0.0,,9.2,,1015.6,,0
2024-12-22,12.5,7.6,19.8,59,0.0,,5.8,,1015.6,,3
2024-12-23,11.3,7.6,13.9,73,4.3,,8.0,,1016.6,,7
2024-12-24,12.9,8.0,19.2,66,0.8,,6.5,,1017.3,,3
2024-12-25,12.6,6.3,21.2,66,0.0,,8.3,,1018.7,,0
2024-12-26,12.7,7.5,20.9,66,0.0,,7.4,,1020.5,,1
2024-12-27,13.4,9.4,24.1,80,0.0,,8.3,,1019.6,,6
2024-12-28,14.1,13.1,15.9,91,30.0,,9.5,,1019.3,,6
2024-12-29,12.9,8.1,17.4,82,4.1,,10.2,,1019.8,,0
2024-12-30,10.5,10.0,17.4,74,0.0,,11.1,,1018.6,,1
2024-12-31,10.3,5.9,15.5,82,0.0,,7.1,,1020.1,,3
2025-01-01,11.8,8.3,16.8,78,0.0,,12.6,,1017.7,,5
2025-01-02,13.0,8.8,19.1,68,0.0,,10.9,,1017.0,,7
2025-01-03,14.1,10.4,21.0,70,0.0,,7.0,,1017.3,,6
2025-01-04,14.0,8.6,21.2,62,0.0,,5.6,,1015.2,,3
2025-01-05,13.2,9.0,19.4,72,0.0,,10.5,,1015.9,,4
2025-01-06,13.5,10.0,20.0,80,0.0,,9.0,,1017.0,,2
2025-01-07,12.8,9.8,17.8,81,0.0,,13.8,,1016.4,,1
2025-01-08,12.3,8.1,18.0,70,0.0,,14.3,,1014.5,,0
2025-01-09,10.5,6.0,16.8,78,0.0,,5.6,,1018.2,,1
2025-01-10,10.1,5.6,16.0,79,0.0,,4.5,,1020.0,,1
2025-01-11,12.0,7.7,17.4,83,1.9,,9.9,,1018.8,,7
2025-01-12,12.9,7.3,18.9,76,18.0,,10.9,,1019.6,,4
2025-01-13,14.2,8.3,22.6,69,5.1,,10.9,,1018.1,,0
2025-01-14,14.1,7.0,22.6,69,0.0,,6.5,,1018.5,,0
2025-01-15,11.0,6.0,17.7,76,0.0,,5.7,,1020.2,,0
2025-01-16,12.3,7.2,21.7,79,0.8,,8.7,,1021.2,,1
2025-01-17,11.0,6.5,17.8,68,0.0,,10.5,,1019.8,,2
2025-01-18,12.0,7.8,17.5,68,0.0,,5.5,,1018.0,,8
2025-01-19,15.7,9.1,22.1,54,0.0,,8.2,,1016.9,,6
2025-01-20,16.2,13.0,20.9,64,0.0,,11.7,,1014.7,,5
2025-01-21,14.8,10.0,21.6,67,0.0,,10.3,,1013.5,,3
2025-01-22,14.0,8.0,21.7,64,0.0,,7.5,,1013.4,,1
2025-01-23,13.9,8.5,20.8,63,0.0,,11.0,,1014.9,,0
2025-01-24,14.2,8.8,21.0,62,0.0,,13.3,,1014.6,,0
2025-01-25,14.6,11.5,20.4,56,0.0,,13.1,,1013.9,,0
2025-01-26,13.9,8.8,21.2,60,0.0,,11.2,,1013.6,,0
2025-01-27,13.4,7.8,21.2,61,0.0,,10.6,,1012.7,,0
2025-01-28,14.0,9.2,21.8,55,0.0,,8.3,,1012.2,,0
2025-01-29,14.4,8.3,21.0,68,0.0,,11.8,,1014.8,,1
2025-01-30,14.4,7.0,22.0,57,0.0,,6.2,,1011.7,,1
2025-01-31,14.8,8.6,22.4,60,0.0,,10.0,,1011.2,,0
2025-02-01,16.3,11.4,22.8,49,0.0,,10.2,,1013.6,,2
2025-02-02,15.3,9.3,22.2,61,0.0,,9.9,,1015.4,,1
2025-02-03,13.5,8.2,20.9,70,0.0,,6.9,,1014.6,,0
2025-02-04,15.7,9.9,22.1,60,0.0,,10.8,,1015.0,,2
2025-02-05,14.9,9.7,22.1,71,4.1,,9.7,,1015.7,,1
2025-02-06,14.2,8.6,21.9,48,0.0,,16.7,,1016.9,,0
2025-02-07,14.5,10.4,20.5,50,0.0,,18.1,,1015.6,,2
2025-02-08,16.0,12.2,22.7,45,0.0,,15.6,,1014.5,,5
2025-02-09,16.7,10.2,24.9,45,0.0,,10.2,,1014.0,,0
2025-02-10,15.9,9.2,23.9,49,0.0,,7.5,,1013.8,,3
2025-02-11,16.5,9.4,25.0,48,0.0,,10.8,,1013.3,,0
2025-02-12,16.9,11.2,23.1,43,0.0,,14.9,,1014.0,,0
2025-02-13,16.5,11.8,22.6,35,0.0,,18.8,,1014.0,,3
2025-02-14,17.4,12.6,24.2,30,0.0,,17.0,,1011.9,,3
2025-02-15,16.3,11.8,22.0,48,1.2,,9.2,,1010.6,,4
2025-02-16,15.8,10.4,28.7,55,0.0,,7.4,,1012.6,,7
2025-02-17,16.7,8.7,26.0,52,0.0,,8.8,,1015.0,,1
2025-02-18,18.6,12.8,26.1,39,0.0,,11.9,,1014.1,,3
2025-02-19,18.3,11.3,26.0,38,0.0,,9.7,,1012.1,,4
2025-02-20,18.7,13.4,26.3,62,3.0,,18.5,,1014.3,,6
2025-02-21,17.4,10.7,24.5,62,2.0,,9.7,,1017.3,,1
2025-02-22,16.9,11.3,24.5,61,0.0,,11.8,,1016.0,,2
2025-02-23,16.8,10.4,24.1,57,0.0,,9.4,,1017.0,,0
2025-02-24,17.4,9.2,25.6,54,0.0,,10.0,,1017.9,,2
2025-02-25,18.0,11.5,24.4,52,0.2,,11.5,,1018.3,,7
2025-02-26,22.9,17.5,28.9,50,0.0,,10.0,,1018.6,,8
2025-02-27,18.3,15.9,28.9,72,0.5,,15.6,,1016.0,,8
2025-02-28,18.4,15.3,19.8,75,10.9,,21.1,,1012.4,,7
2025-03-01,19.4,14.5,25.1,69,2.0,,8.9,,1014.2,,1
2025-03-02,18.0,12.2,25.1,64,0.0,,11.6,,1012.3,,0
2025-03-03,16.7,9.0,23.6,62,3.6,,10.5,,1011.6,,3
2025-03-04,18.1,13.0,27.9,60,0.0,,13.8,,1013.4,,2
2025-03-05,15.9,8.8,25.3,57,0.0,,23.5,,1013.1,,0
2025-03-06,17.7,12.5,24.9,50,0.0,,17.9,,1011.0,,0
2025-03-07,18.0,10.7,26.9,45,0.0,,12.0,,1009.9,,1
2025-03-08,19.8,13.7,27.2,42,0.0,,14.9,,1008.1,,2
2025-03-09,19.2,10.3,28.9,45,0.0,,8.8,,1012.4,,2
2025-03-10,21.8,15.0,29.0,43,0.0,,9.0,,1016.0,,5
2025-03-11,21.9,14.2,30.8,44,0.0,,10.6,,1013.5,,6
2025-03-12,23.4,15.6,31.4,38,0.0,,14.0,,1008.7,,4
2025-03-13,21.1,14.3,28.7,48,0.7,,9.6,,1007.6,,2
2025-03-14,20.8,13.8,28.1,48,0.0,,9.2,,1009.5,,3
2025-03-15,19.5,,30.7,,5.1,,,,,,
2025-03-16,20.9,13.3,28.5,,0.5,,,,,,
2025-03-17,21.0,12.5,28.5,,0.0,,,,,,
2025-03-22,21.5,14.7,29.3,35,0.0,,10.0,,1012.4,,0
2025-03-23,21.6,13.2,29.6,42,0.0,,9.4,,1014.6,,0
2025-03-24,22.4,14.8,30.2,43,0.0,,8.4,,1013.7,,0
2025-03-25,23.6,15.1,31.4,44,0.0,,9.3,,1009.9,,0
2025-03-26,25.4,16.9,33.7,34,0.0,,11.9,,1006.8,,2
2025-03-27,26.6,19.6,34.2,30,0.0,,12.3,,1006.1,,0
2025-03-28,23.8,18.6,30.5,29,0.0,,13.9,,1008.9,,0
2025-03-29,21.8,16.0,29.0,30,0.0,,19.9,,1009.1,,5
2025-03-30,23.2,17.7,30.4,27,0.0,,14.9,,1009.8,,0
2025-03-31,23.6,14.1,32.2,24,0.0,,13.6,,1010.0,,0
2025-04-01,25.3,19.0,32.2,18,0.0,,16.0,,1008.7,,0
2025-04-02,25.2,14.2,33.3,18,0.0,,13.6,,1010.1,,0
2025-04-03,26.2,16.8,34.9,20,0.0,,13.6,,1011.2,,2
2025-04-04,26.8,19.4,34.2,21,0.0,,15.2,,1010.7,,0
2025-04-05,27.6,20.7,34.7,22,0.0,,14.3,,1007.8,,0
2025-04-06,28.5,20.8,36.7,23,0.0,,11.1,,1006.1,,1
2025-04-07,28.3,19.4,37.0,29,0.0,,10.3,,1008.4,,2
2025-04-08,29.4,20.8,37.3,28,0.0,,12.7,,1010.4,,3
2025-04-09,29.6,21.2,37.3,30,0.0,,12.2,,1008.6,,5
2025-04-10,27.4,21.1,34.7,39,0.3,,11.0,,1004.5,,5
2025-04-11,26.6,21.0,33.8,47,3.6,,16.6,,1003.7,,3
2025-04-12,22.8,18.6,33.9,49,0.0,,9.7,,1007.3,,3
2025-04-13,27.3,16.8,34.9,42,11.9,,8.3,,1008.6,,0
2025-04-14,28.5,20.0,35.2,41,0.0,,11.1,,1008.5,,0
2025-04-15,28.1,21.4,34.3,41,0.0,,11.6,,1009.1,,2
2025-04-16,29.2,20.9,36.3,39,0.0,,9.9,,1006.8,,1
2025-04-17,28.6,20.4,37.0,32,7.9,,11.4,,1003.8,,1
2025-04-18,29.6,21.5,37.7,37,0.0,,13.0,,1003.0,,2
2025-04-19,30.8,25.2,38.7,36,0.5,,21.4,,1002.8,,4
2025-04-20,30.9,24.6,36.6,34,0.0,,20.4,,1004.9,,2
2025-04-21,30.3,20.7,38.4,26,0.0,,12.2,,1006.9,,1
2025-04-22,30.6,21.6,38.5,24,0.0,,12.8,,1007.3,,0
2025-04-23,30.7,23.5,37.0,17,0.0,,16.2,,1004.7,,0
2025-04-24,30.3,20.8,37.9,16,0.0,,14.5,,1002.6,,0
2025-04-25,30.7,20.2,39.0,13,0.0,,14.7,,1004.3,,0
2025-04-26,32.3,25.1,39.7,10,0.0,,16.5,,1003.5,,1
2025-04-27,31.5,22.2,39.4,13,0.0,,12.5,,1005.0,,0
2025-04-28,29.8,21.4,37.1,21,0.0,,12.4,,1004.6,,0
2025-04-29,30.1,25.5,35.4,34,0.0,,15.6,,1005.4,,2
2025-04-30,30.3,23.8,36.1,37,0.0,,13.5,,1006.9,,2
2025-05-01,28.6,25.1,32.2,45,0.1,,16.4,,1009.2,,4
2025-05-02,25.7,20.6,36.0,47,13.0,,14.1,,1009.1,,4
2025-05-03,29.8,22.7,35.0,54,0.0,,9.0,,1007.0,,3
2025-05-04,27.3,20.7,36.0,44,7.1,,11.9,,1004.9,,5
2025-05-05,23.5,22.5,36.0,55,0.5,,9.8,,1006.6,,7
2025-05-06,28.0,19.5,33.9,56,5.1,,8.6,,1006.3,,6
2025-05-07,27.3,24.1,34.2,51,0.0,,9.4,,1005.7,,4
2025-05-08,28.4,22.4,33.5,49,0.7,,8.4,,1006.0,,3
2025-05-09,28.4,22.5,34.7,51,0.8,,10.2,,1007.4,,2
2025-05-10,28.3,23.0,34.6,52,1.7,,7.4,,1006.7,,5
2025-05-11,29.5,21.5,36.8,44,0.0,,10.5,,1004.6,,1
2025-05-12,29.2,21.0,35.7,39,0.0,,12.1,,1003.3,,1
2025-05-13,30.8,22.3,38.9,30,0.0,,11.3,,1002.8,,0
2025-05-14,31.2,22.5,38.8,29,0.0,,13.8,,1003.1,,0
2025-05-15,32.9,23.8,40.4,25,0.0,,14.8,,1002.3,,0
2025-05-16,31.7,19.8,41.7,23,5.1,,13.6,,1001.9,,1
2025-05-17,33.7,26.0,40.8,28,2.0,,11.2,,1001.6,,0
2025-05-18,33.7,29.1,40.8,34,0.0,,13.9,,1001.9,,0
2025-05-19,31.4,26.5,36.7,47,0.0,,15.1,,1002.5,,2
2025-05-20,32.4,25.2,39.0,38,0.4,,15.2,,1000.7,,2
2025-05-21,32.8,28.0,39.2,40,0.1,,15.5,,1001.4,,2
2025-05-22,31.6,28.3,36.5,48,0.0,,18.2,,1002.0,,0
2025-05-23,31.9,27.1,38.0,48,0.0,,15.6,,1000.6,,1
2025-05-24,32.0,29.4,36.0,44,0.3,,15.8,,1001.7,,4
2025-05-25,28.0,23.1,37.2,62,0.0,,10.5,,1004.7,,4
2025-05-26,32.0,23.5,36.8,51,0.3,,7.6,,1002.6,,0
2025-05-27,33.4,27.3,37.7,51,0.0,,9.1,,1000.1,,0
2025-05-28,32.5,27.4,38.6,46,0.0,,13.4,,998.2,,0
2025-05-29,32.7,25.6,40.1,36,0.0,,11.8,,996.1,,2
2025-05-30,28.9,21.0,41.3,37,14.0,,10.5,,995.2,,2
2025-05-31,30.7,24.4,40.2,31,0.5,,9.4,,997.2,,2
2025-06-01,31.2,22.4,40.2,33,11.9,,10.3,,998.2,,2
2025-06-02,31.5,24.4,40.1,29,0.0,,12.8,,998.2,,2
2025-06-03,29.1,21.0,37.0,38,0.0,,11.6,,1001.2,,5
2025-06-04,28.2,21.7,36.2,47,2.0,,10.1,,1004.2,,2
2025-06-05,30.9,21.3,36.3,39,3.0,,9.9,,1006.2,,0
2025-06-06,31.3,25.2,38.0,38,0.0,,10.8,,1005.3,,1
2025-06-07,32.5,24.7,40.0,39,0.0,,10.6,,1003.5,,1
2025-06-08,34.3,26.9,41.3,38,0.0,,13.0,,1001.7,,0
2025-06-09,35.3,27.1,42.8,33,0.0,,12.8,,999.9,,0
2025-06-10,35.2,28.2,41.0,35,0.0,,12.6,,999.1,,0
2025-06-11,35.4,30.9,40.3,43,0.9,,14.5,,1000.1,,1
2025-06-12,35.0,30.9,39.5,46,0.2,,14.1,,1000.7,,1
2025-06-13,34.6,31.4,38.2,46,1.3,,13.8,,1001.5,,2
2025-06-14,35.2,29.4,41.5,39,0.0,,12.5,,999.0,,0
2025-06-15,34.4,28.7,40.5,46,0.0,,10.8,,997.8,,4
2025-06-16,31.3,27.9,36.8,58,0.2,,8.1,,998.9,,5
2025-06-17,28.6,25.1,37.4,65,3.0,,6.2,,1000.0,,7
2025-06-18,30.8,25.9,36.1,65,2.0,,6.6,,997.9,,4
2025-06-19,32.3,27.5,36.9,62,0.0,,7.8,,996.8,,2
2025-06-20,30.4,26.7,36.9,67,9.9,,13.1,,999.4,,5
2025-06-21,32.7,27.8,36.3,63,5.1,,9.3,,1000.0,,8
2025-06-22,30.9,27.9,36.3,68,0.0,,9.3,,999.2,,5
2025-06-23,29.8,24.4,34.2,72,3.4,,8.4,,997.4,,2
2025-06-24,30.3,26.4,34.4,70,1.2,,12.3,,996.8,,2
2025-06-25,28.2,27.2,34.1,74,0.0,,15.4,,999.6,,7
2025-06-26,32.4,26.8,36.6,65,2.0,,13.1,,1001.7,,6
2025-06-27,32.1,27.5,37.2,66,0.0,,7.8,,1000.9,,6
2025-06-28,28.9,23.8,37.2,77,34.0,,8.0,,999.4,,7
2025-06-29,26.7,23.6,33.9,88,119.1,,10.4,,997.2,,8
2025-06-30,27.5,24.1,30.7,87,71.1,,12.4,,998.2,,8
2025-07-01,27.0,24.8,30.7,80,13.0,,6.6,,999.5,,5
2025-07-02,31.4,24.8,36.4,71,17.0,,7.8,,999.2,,1
2025-07-03,31.5,27.8,36.4,72,0.0,,10.0,,1000.0,,3
2025-07-04,29.5,26.1,32.6,73,0.4,,8.0,,999.7,,2
2025-07-05,29.5,26.6,32.9,76,6.4,,9.9,,998.7,,4
2025-07-06,29.6,25.4,33.8,81,0.5,,10.1,,998.2,,7
2025-07-07,30.9,28.0,36.0,79,3.0,,10.7,,998.9,,4
2025-07-08,29.9,26.6,36.0,83,0.0,,8.3,,999.2,,7
2025-07-09,29.1,24.4,35.1,84,0.0,,8.5,,1000.3,,7
2025-07-10,27.4,24.3,34.3,85,9.9,,10.7,,1002.3,,7
2025-07-11,31.2,25.7,34.9,76,7.1,,6.2,,1001.9,,4
2025-07-12,29.6,27.2,34.9,79,0.0,,7.3,,1001.6,,5
2025-07-13,28.6,27.1,35.0,77,0.3,,5.3,,1001.7,,5
2025-07-14,29.1,26.3,35.0,77,20.1,,7.4,,1000.8,,8
2025-07-15,30.9,27.1,34.9,71,0.3,,18.5,,999.7,,6
2025-07-16,28.6,24.4,34.9,80,8.9,,18.6,,1000.7,,7
2025-07-17,29.8,26.4,33.8,74,2.0,,10.1,,1002.8,,7
2025-07-18,28.9,27.4,33.8,78,0.5,,6.9,,1002.1,,6
2025-07-19,31.6,26.5,35.4,76,1.0,,9.7,,999.3,,1
2025-07-20,31.0,28.3,35.4,71,0.0,,7.9,,998.7,,5
2025-07-21,26.8,24.8,34.2,90,17.0,,9.2,,1001.6,,8
2025-07-22,27.1,24.5,29.1,81,9.9,,6.1,,999.8,,6
2025-07-23,29.8,25.2,34.8,80,1.0,,6.0,,996.8,,5
2025-07-24,31.5,26.0,35.9,80,1.0,,7.6,,995.8,,6
2025-07-25,32.4,27.0,36.6,75,0.0,,8.1,,995.4,,1
2025-07-26,29.4,26.7,32.8,78,0.3,,6.5,,996.7,,4
2025-07-27,29.6,26.6,32.8,76,1.2,,7.2,,996.9,,5
2025-07-28,28.6,26.2,32.6,83,5.0,,7.3,,997.0,,6
2025-07-29,27.8,25.7,31.3,80,9.7,,14.9,,998.1,,8
2025-07-30,28.9,26.4,32.1,75,0.8,,11.5,,999.1,,6
2025-07-31,27.8,24.4,33.9,82,39.1,,11.9,,999.6,,6
2025-08-01,28.5,25.6,31.2,86,3.0,,11.1,,1000.2,,7
2025-08-02,29.5,26.2,33.3,85,7.1,,8.9,,1000.3,,4
2025-08-03,30.2,26.0,34.7,91,11.9,,6.1,,1002.0,,8
2025-08-04,29.3,25.9,34.7,90,0.0,,8.3,,1002.6,,6
2025-08-05,28.1,24.9,33.8,91,9.9,,5.6,,1003.0,,7
2025-08-06,28.3,23.7,34.5,89,16.0,,7.5,,1004.0,,7
2025-08-07,30.3,23.5,34.8,78,6.1,,11.9,,1002.1,,2
2025-08-08,29.0,25.3,35.8,74,0.0,,8.0,,1003.0,,4
2025-08-09,29.2,24.0,35.8,83,86.1,,6.4,,1005.5,,6
2025-08-10,30.4,26.3,35.0,87,3.0,,6.5,,1004.4,,6
2025-08-11,27.6,25.6,35.0,88,3.0,,8.8,,1002.7,,7
2025-08-12,28.0,24.3,31.8,86,38.1,,8.7,,1001.9,,8
2025-08-13,30.6,26.4,34.6,78,0.5,,8.2,,1000.9,,8
2025-08-14,26.4,25.5,34.6,92,11.9,,13.0,,1004.6,,8
2025-08-15,28.6,24.9,33.7,79,20.1,,6.1,,1003.3,,4
2025-08-16,29.7,25.8,33.7,82,7.9,,7.8,,1002.2,,6
2025-08-17,27.0,25.8,33.5,80,0.0,,8.6,,1003.5,,4
2025-08-18,29.2,25.5,33.5,77,2.0,,9.6,,1005.2,,4
2025-08-19,29.4,25.4,36.1,77,0.0,,6.1,,1003.6,,4
2025-08-20,28.2,25.2,36.1,78,0.0,,6.9,,1003.4,,5
2025-08-21,30.2,24.7,35.3,78,0.5,,6.6,,1003.1,,2
2025-08-22,31.6,25.9,36.3,82,0.0,,7.0,,1000.5,,3
